pokemon_id,alpha_sapphire,black,black_2,diamond,emerald,firered,heartgold,leafgreen,moon,omega_ruby,pearl,platinum,ruby,sapphire,soulsilver,sun,ultra_moon,ultra_sun,white,white_2,x_version,y_version
12,silver-powder,silver-powder,silver-powder,silver-powder,silver-powder,silver-powder,silver-powder,silver-powder,silver-powder,silver-powder,silver-powder,silver-powder,silver-powder,silver-powder,silver-powder,silver-powder,silver-powder,silver-powder,silver-powder,silver-powder,silver-powder,silver-powder
15,poison-barb,poison-barb,poison-barb,poison-barb,poison-barb,poison-barb,poison-barb,poison-barb,poison-barb,poison-barb,poison-barb,poison-barb,poison-barb,poison-barb,poison-barb,poison-barb,poison-barb,poison-barb,poison-barb,poison-barb,poison-barb,poison-barb
19,NULL,chilan-berry,NULL,chilan-berry,NULL,NULL,chilan-berry,NULL,NULL,NULL,chilan-berry,chilan-berry,NULL,NULL,chilan-berry,NULL,NULL,NULL,chilan-berry,NULL,NULL,NULL
20,NULL,chilan-berry,NULL,chilan-berry,NULL,"oran-berry, sitrus-berry",chilan-berry,"oran-berry, sitrus-berry",NULL,NULL,chilan-berry,chilan-berry,NULL,NULL,chilan-berry,NULL,NULL,NULL,chilan-berry,NULL,NULL,NULL
21,NULL,NULL,NULL,NULL,NULL,NULL,NULL,NULL,sharp-beak,NULL,NULL,NULL,NULL,NULL,NULL,sharp-beak,sharp-beak,sharp-beak,NULL,NULL,NULL,NULL
22,sharp-beak,sharp-beak,sharp-beak,sharp-beak,sharp-beak,sharp-beak,sharp-beak,sharp-beak,sharp-beak,sharp-beak,sharp-beak,sharp-beak,sharp-beak,sharp-beak,sharp-beak,sharp-beak,sharp-beak,sharp-beak,sharp-beak,sharp-beak,sharp-beak,sharp-beak
24,NULL,NULL,NULL,NULL,NULL,poison-barb,NULL,poison-barb,NULL,NULL,NULL,NULL,NULL,NULL,NULL,NULL,NULL,NULL,NULL,NULL,NULL,NULL
25,light-ball,"light-ball, oran-berry",light-ball,"light-ball, oran-berry","light-ball, oran-berry",NULL,"light-ball, oran-berry",NULL,light-ball,light-ball,"light-ball, oran-berry","light-ball, oran-berry","light-ball, oran-berry","light-ball, oran-berry","light-ball, oran-berry",light-ball,light-ball,light-ball,"light-ball, oran-berry",light-ball,light-ball,light-ball
26,NULL,oran-berry,NULL,oran-berry,oran-berry,NULL,oran-berry,NULL,NULL,NULL,oran-berry,oran-berry,oran-berry,oran-berry,oran-berry,NULL,NULL,NULL,oran-berry,NULL,NULL,NULL
27,grip-claw,quick-claw,quick-claw,quick-claw,quick-claw,NULL,quick-claw,NULL,grip-claw,grip-claw,quick-claw,quick-claw,quick-claw,quick-claw,quick-claw,grip-claw,grip-claw,grip-claw,quick-claw,quick-claw,quick-claw,quick-claw
28,grip-claw,quick-claw,quick-claw,quick-claw,quick-claw,soft-sand,quick-claw,soft-sand,grip-claw,grip-claw,quick-claw,quick-claw,quick-claw,quick-claw,quick-claw,grip-claw,grip-claw,grip-claw,quick-claw,quick-claw,quick-claw,quick-claw
35,moon-stone,"comet-shard, leppa-berry, moon-stone","comet-shard, leppa-berry, moon-stone","leppa-berry, moon-stone","leppa-berry, moon-stone",moon-stone,"leppa-berry, moon-stone",moon-stone,moon-stone,moon-stone,"leppa-berry, moon-stone","leppa-berry, moon-stone","leppa-berry, moon-stone","leppa-berry, moon-stone","leppa-berry, moon-stone",moon-stone,moon-stone,moon-stone,"comet-shard, leppa-berry, moon-stone","comet-shard, leppa-berry, moon-stone",moon-stone,moon-stone
36,moon-stone,"comet-shard, leppa-berry, moon-stone","comet-shard, leppa-berry, moon-stone","leppa-berry, moon-stone","leppa-berry, moon-stone",moon-stone,"leppa-berry, moon-stone",moon-stone,moon-stone,moon-stone,"leppa-berry, moon-stone","leppa-berry, moon-stone","leppa-berry, moon-stone","leppa-berry, moon-stone","leppa-berry, moon-stone",moon-stone,moon-stone,moon-stone,"comet-shard, leppa-berry, moon-stone","comet-shard, leppa-berry, moon-stone",moon-stone,moon-stone
37,charcoal,rawst-berry,rawst-berry,rawst-berry,rawst-berry,rawst-berry,rawst-berry,rawst-berry,charcoal,charcoal,rawst-berry,rawst-berry,rawst-berry,rawst-berry,rawst-berry,charcoal,charcoal,charcoal,rawst-berry,rawst-berry,NULL,NULL
38,charcoal,rawst-berry,rawst-berry,rawst-berry,rawst-berry,rawst-berry,rawst-berry,rawst-berry,charcoal,charcoal,rawst-berry,rawst-berry,rawst-berry,rawst-berry,rawst-berry,charcoal,charcoal,charcoal,rawst-berry,rawst-berry,NULL,NULL
39,NULL,NULL,NULL,NULL,NULL,oran-berry,NULL,oran-berry,moon-stone,NULL,NULL,NULL,NULL,NULL,NULL,moon-stone,moon-stone,moon-stone,NULL,NULL,NULL,NULL
40,NULL,NULL,NULL,NULL,NULL,oran-berry,NULL,oran-berry,moon-stone,NULL,NULL,NULL,NULL,NULL,NULL,moon-stone,moon-stone,moon-stone,NULL,NULL,NULL,NULL
43,absorb-bulb,NULL,NULL,NULL,NULL,NULL,NULL,NULL,absorb-bulb,absorb-bulb,NULL,NULL,NULL,NULL,NULL,absorb-bulb,absorb-bulb,absorb-bulb,NULL,NULL,NULL,NULL
44,absorb-bulb,NULL,NULL,NULL,NULL,NULL,NULL,NULL,absorb-bulb,absorb-bulb,NULL,NULL,NULL,NULL,NULL,absorb-bulb,absorb-bulb,absorb-bulb,NULL,NULL,NULL,NULL
45,absorb-bulb,NULL,NULL,NULL,NULL,NULL,NULL,NULL,absorb-bulb,absorb-bulb,NULL,NULL,NULL,NULL,NULL,absorb-bulb,absorb-bulb,absorb-bulb,NULL,NULL,NULL,NULL
46,"big-mushroom, tiny-mushroom","balm-mushroom, big-mushroom, tiny-mushroom","balm-mushroom, big-mushroom, tiny-mushroom","big-mushroom, tiny-mushroom","big-mushroom, tiny-mushroom","big-mushroom, tiny-mushroom","big-mushroom, tiny-mushroom","big-mushroom, tiny-mushroom","big-mushroom, tiny-mushroom","big-mushroom, tiny-mushroom","big-mushroom, tiny-mushroom","big-mushroom, tiny-mushroom","big-mushroom, tiny-mushroom","big-mushroom, tiny-mushroom","big-mushroom, tiny-mushroom","big-mushroom, tiny-mushroom","big-mushroom, tiny-mushroom","big-mushroom, tiny-mushroom","balm-mushroom, big-mushroom, tiny-mushroom","balm-mushroom, big-mushroom, tiny-mushroom","big-mushroom, tiny-mushroom","big-mushroom, tiny-mushroom"
47,"big-mushroom, tiny-mushroom","balm-mushroom, big-mushroom, tiny-mushroom","balm-mushroom, big-mushroom, tiny-mushroom","big-mushroom, tiny-mushroom","big-mushroom, tiny-mushroom","big-mushroom, tiny-mushroom","big-mushroom, tiny-mushroom","big-mushroom, tiny-mushroom","big-mushroom, tiny-mushroom","big-mushroom, tiny-mushroom","big-mushroom, tiny-mushroom","big-mushroom, tiny-mushroom","big-mushroom, tiny-mushroom","big-mushroom, tiny-mushroom","big-mushroom, tiny-mushroom","big-mushroom, tiny-mushroom","big-mushroom, tiny-mushroom","big-mushroom, tiny-mushroom","balm-mushroom, big-mushroom, tiny-mushroom","balm-mushroom, big-mushroom, tiny-mushroom","big-mushroom, tiny-mushroom","big-mushroom, tiny-mushroom"
49,shed-shell,shed-shell,shed-shell,shed-shell,NULL,silver-powder,shed-shell,silver-powder,shed-shell,shed-shell,shed-shell,shed-shell,NULL,NULL,shed-shell,shed-shell,shed-shell,shed-shell,shed-shell,shed-shell,shed-shell,shed-shell
50,soft-sand,soft-sand,soft-sand,soft-sand,NULL,NULL,soft-sand,NULL,soft-sand,soft-sand,soft-sand,soft-sand,NULL,NULL,soft-sand,soft-sand,soft-sand,soft-sand,soft-sand,soft-sand,soft-sand,soft-sand
51,soft-sand,soft-sand,soft-sand,soft-sand,NULL,NULL,soft-sand,NULL,soft-sand,soft-sand,soft-sand,soft-sand,NULL,NULL,soft-sand,soft-sand,soft-sand,soft-sand,soft-sand,soft-sand,soft-sand,soft-sand
52,quick-claw,quick-claw,quick-claw,quick-claw,NULL,nugget,quick-claw,nugget,quick-claw,quick-claw,quick-claw,quick-claw,NULL,NULL,quick-claw,quick-claw,quick-claw,quick-claw,quick-claw,quick-claw,quick-claw,quick-claw
53,quick-claw,quick-claw,quick-claw,quick-claw,NULL,NULL,quick-claw,NULL,quick-claw,quick-claw,quick-claw,quick-claw,NULL,NULL,quick-claw,quick-claw,quick-claw,quick-claw,quick-claw,quick-claw,quick-claw,quick-claw
56,NULL,payapa-berry,payapa-berry,payapa-berry,NULL,NULL,payapa-berry,NULL,NULL,NULL,payapa-berry,payapa-berry,NULL,NULL,payapa-berry,NULL,NULL,NULL,payapa-berry,payapa-berry,NULL,NULL
57,NULL,payapa-berry,payapa-berry,payapa-berry,NULL,NULL,payapa-berry,NULL,NULL,NULL,payapa-berry,payapa-berry,NULL,NULL,payapa-berry,NULL,NULL,NULL,payapa-berry,payapa-berry,NULL,NULL
58,NULL,rawst-berry,rawst-berry,rawst-berry,rawst-berry,rawst-berry,rawst-berry,rawst-berry,NULL,NULL,rawst-berry,rawst-berry,rawst-berry,rawst-berry,rawst-berry,NULL,NULL,NULL,rawst-berry,rawst-berry,NULL,NULL
59,NULL,rawst-berry,rawst-berry,rawst-berry,rawst-berry,rawst-berry,rawst-berry,rawst-berry,NULL,NULL,rawst-berry,rawst-berry,rawst-berry,rawst-berry,rawst-berry,NULL,NULL,NULL,rawst-berry,rawst-berry,NULL,NULL
61,kings-rock,kings-rock,kings-rock,kings-rock,kings-rock,NULL,kings-rock,NULL,kings-rock,kings-rock,kings-rock,kings-rock,kings-rock,kings-rock,kings-rock,kings-rock,kings-rock,kings-rock,kings-rock,kings-rock,kings-rock,kings-rock
62,kings-rock,kings-rock,kings-rock,kings-rock,kings-rock,NULL,kings-rock,NULL,kings-rock,kings-rock,kings-rock,kings-rock,kings-rock,kings-rock,kings-rock,kings-rock,kings-rock,kings-rock,kings-rock,kings-rock,kings-rock,kings-rock
63,twisted-spoon,twisted-spoon,twisted-spoon,twisted-spoon,twisted-spoon,twisted-spoon,twisted-spoon,twisted-spoon,twisted-spoon,twisted-spoon,twisted-spoon,twisted-spoon,twisted-spoon,twisted-spoon,twisted-spoon,twisted-spoon,twisted-spoon,twisted-spoon,twisted-spoon,twisted-spoon,twisted-spoon,twisted-spoon
64,twisted-spoon,twisted-spoon,twisted-spoon,twisted-spoon,twisted-spoon,twisted-spoon,twisted-spoon,twisted-spoon,twisted-spoon,twisted-spoon,twisted-spoon,twisted-spoon,twisted-spoon,twisted-spoon,twisted-spoon,twisted-spoon,twisted-spoon,twisted-spoon,twisted-spoon,twisted-spoon,twisted-spoon,twisted-spoon
65,twisted-spoon,twisted-spoon,twisted-spoon,twisted-spoon,twisted-spoon,twisted-spoon,twisted-spoon,twisted-spoon,twisted-spoon,twisted-spoon,twisted-spoon,twisted-spoon,twisted-spoon,twisted-spoon,twisted-spoon,twisted-spoon,twisted-spoon,twisted-spoon,twisted-spoon,twisted-spoon,twisted-spoon,twisted-spoon
66,focus-band,NULL,NULL,NULL,NULL,NULL,NULL,NULL,focus-band,focus-band,NULL,NULL,NULL,NULL,NULL,focus-band,focus-band,focus-band,NULL,NULL,NULL,NULL
67,focus-band,NULL,NULL,NULL,NULL,focus-band,NULL,focus-band,focus-band,focus-band,NULL,NULL,NULL,NULL,NULL,focus-band,focus-band,focus-band,NULL,NULL,NULL,NULL
68,focus-band,NULL,NULL,NULL,NULL,focus-band,NULL,focus-band,focus-band,focus-band,NULL,NULL,NULL,NULL,NULL,focus-band,focus-band,focus-band,NULL,NULL,NULL,NULL
72,poison-barb,poison-barb,poison-barb,poison-barb,NULL,NULL,poison-barb,NULL,poison-barb,poison-barb,poison-barb,poison-barb,NULL,NULL,poison-barb,poison-barb,poison-barb,poison-barb,poison-barb,poison-barb,poison-barb,poison-barb
73,poison-barb,poison-barb,poison-barb,poison-barb,NULL,NULL,poison-barb,NULL,poison-barb,poison-barb,poison-barb,poison-barb,NULL,NULL,poison-barb,poison-barb,poison-barb,poison-barb,poison-barb,poison-barb,poison-barb,poison-barb
74,everstone,everstone,everstone,everstone,everstone,NULL,everstone,NULL,everstone,everstone,everstone,everstone,everstone,everstone,everstone,everstone,everstone,everstone,everstone,everstone,everstone,everstone
75,everstone,everstone,everstone,everstone,everstone,hard-stone,everstone,hard-stone,everstone,everstone,everstone,everstone,everstone,everstone,everstone,everstone,everstone,everstone,everstone,everstone,everstone,everstone
76,everstone,everstone,everstone,everstone,everstone,hard-stone,everstone,hard-stone,everstone,everstone,everstone,everstone,everstone,everstone,everstone,everstone,everstone,everstone,everstone,everstone,everstone,everstone
77,NULL,shuca-berry,shuca-berry,shuca-berry,NULL,NULL,shuca-berry,NULL,NULL,NULL,shuca-berry,shuca-berry,NULL,NULL,shuca-berry,NULL,NULL,NULL,shuca-berry,shuca-berry,NULL,NULL
78,NULL,shuca-berry,shuca-berry,shuca-berry,NULL,NULL,shuca-berry,NULL,NULL,NULL,shuca-berry,shuca-berry,NULL,NULL,shuca-berry,NULL,NULL,NULL,shuca-berry,shuca-berry,NULL,NULL
79,lagging-tail,lagging-tail,lagging-tail,lagging-tail,kings-rock,NULL,lagging-tail,NULL,lagging-tail,lagging-tail,lagging-tail,lagging-tail,kings-rock,kings-rock,lagging-tail,lagging-tail,lagging-tail,lagging-tail,lagging-tail,lagging-tail,lagging-tail,lagging-tail
80,kings-rock,kings-rock,kings-rock,kings-rock,kings-rock,NULL,kings-rock,NULL,kings-rock,kings-rock,kings-rock,kings-rock,kings-rock,kings-rock,kings-rock,kings-rock,kings-rock,kings-rock,kings-rock,kings-rock,kings-rock,kings-rock
81,metal-coat,metal-coat,metal-coat,metal-coat,metal-coat,NULL,metal-coat,NULL,metal-coat,metal-coat,metal-coat,metal-coat,metal-coat,metal-coat,metal-coat,metal-coat,metal-coat,metal-coat,metal-coat,metal-coat,metal-coat,metal-coat
82,metal-coat,metal-coat,metal-coat,metal-coat,metal-coat,magnet,metal-coat,magnet,metal-coat,metal-coat,metal-coat,metal-coat,metal-coat,metal-coat,metal-coat,metal-coat,metal-coat,metal-coat,metal-coat,metal-coat,metal-coat,metal-coat
83,stick,stick,stick,stick,stick,stick,stick,stick,stick,stick,stick,stick,stick,stick,stick,stick,stick,stick,stick,stick,stick,stick
84,sharp-beak,sharp-beak,sharp-beak,sharp-beak,sharp-beak,NULL,sharp-beak,NULL,sharp-beak,sharp-beak,sharp-beak,sharp-beak,sharp-beak,sharp-beak,sharp-beak,sharp-beak,sharp-beak,sharp-beak,sharp-beak,sharp-beak,sharp-beak,sharp-beak
85,sharp-beak,sharp-beak,sharp-beak,sharp-beak,sharp-beak,sharp-beak,sharp-beak,sharp-beak,sharp-beak,sharp-beak,sharp-beak,sharp-beak,sharp-beak,sharp-beak,sharp-beak,sharp-beak,sharp-beak,sharp-beak,sharp-beak,sharp-beak,sharp-beak,sharp-beak
86,NULL,NULL,NULL,NULL,NULL,aspear-berry,NULL,aspear-berry,NULL,NULL,NULL,NULL,NULL,NULL,NULL,NULL,NULL,NULL,NULL,NULL,NULL,NULL
87,NULL,NULL,NULL,NULL,NULL,"aspear-berry, never-melt-ice",NULL,"aspear-berry, never-melt-ice",NULL,NULL,NULL,NULL,NULL,NULL,NULL,NULL,NULL,NULL,NULL,NULL,NULL,NULL
88,black-sludge,nugget,black-sludge,nugget,nugget,NULL,nugget,NULL,black-sludge,black-sludge,nugget,nugget,nugget,nugget,nugget,black-sludge,black-sludge,black-sludge,nugget,black-sludge,black-sludge,black-sludge
89,black-sludge,nugget,"black-sludge, toxic-orb",nugget,nugget,NULL,nugget,NULL,black-sludge,black-sludge,nugget,nugget,nugget,nugget,nugget,black-sludge,black-sludge,black-sludge,nugget,"black-sludge, toxic-orb",black-sludge,black-sludge
90,"big-pearl, pearl","big-pearl, pearl","big-pearl, pearl","big-pearl, pearl","big-pearl, pearl","big-pearl, pearl","big-pearl, pearl","big-pearl, pearl","big-pearl, pearl","big-pearl, pearl","big-pearl, pearl","big-pearl, pearl","big-pearl, pearl","big-pearl, pearl","big-pearl, pearl","big-pearl, pearl","big-pearl, pearl","big-pearl, pearl","big-pearl, pearl","big-pearl, pearl","big-pearl, pearl","big-pearl, pearl"
91,"big-pearl, pearl","big-pearl, pearl","big-pearl, pearl","big-pearl, pearl","big-pearl, pearl","big-pearl, pearl","big-pearl, pearl","big-pearl, pearl","big-pearl, pearl","big-pearl, pearl","big-pearl, pearl","big-pearl, pearl","big-pearl, pearl","big-pearl, pearl","big-pearl, pearl","big-pearl, pearl","big-pearl, pearl","big-pearl, pearl","big-pearl, pearl","big-pearl, pearl","big-pearl, pearl","big-pearl, pearl"
93,NULL,NULL,NULL,NULL,NULL,spell-tag,NULL,spell-tag,NULL,NULL,NULL,NULL,NULL,NULL,NULL,NULL,NULL,NULL,NULL,NULL,NULL,NULL
94,NULL,NULL,NULL,NULL,NULL,spell-tag,NULL,spell-tag,NULL,NULL,NULL,NULL,NULL,NULL,NULL,NULL,NULL,NULL,NULL,NULL,NULL,NULL
95,NULL,NULL,NULL,NULL,NULL,hard-stone,NULL,hard-stone,NULL,NULL,NULL,NULL,NULL,NULL,NULL,NULL,NULL,NULL,NULL,NULL,NULL,NULL
102,NULL,NULL,NULL,NULL,NULL,NULL,NULL,NULL,psychic-seed,NULL,NULL,NULL,NULL,NULL,NULL,psychic-seed,psychic-seed,psychic-seed,NULL,NULL,NULL,NULL
104,thick-club,thick-club,thick-club,thick-club,thick-club,thick-club,thick-club,thick-club,thick-club,thick-club,thick-club,thick-club,thick-club,thick-club,thick-club,thick-club,thick-club,thick-club,thick-club,thick-club,thick-club,thick-club
105,thick-club,thick-club,thick-club,thick-club,thick-club,thick-club,thick-club,thick-club,thick-club,thick-club,thick-club,thick-club,thick-club,thick-club,thick-club,thick-club,thick-club,thick-club,thick-club,thick-club,thick-club,thick-club
108,lagging-tail,lagging-tail,lagging-tail,lagging-tail,NULL,NULL,lagging-tail,NULL,lagging-tail,lagging-tail,lagging-tail,lagging-tail,NULL,NULL,lagging-tail,lagging-tail,lagging-tail,lagging-tail,lagging-tail,lagging-tail,lagging-tail,lagging-tail
109,smoke-ball,smoke-ball,smoke-ball,smoke-ball,smoke-ball,NULL,smoke-ball,NULL,smoke-ball,smoke-ball,smoke-ball,smoke-ball,smoke-ball,smoke-ball,smoke-ball,smoke-ball,smoke-ball,smoke-ball,smoke-ball,smoke-ball,smoke-ball,smoke-ball
110,smoke-ball,smoke-ball,smoke-ball,smoke-ball,smoke-ball,NULL,smoke-ball,NULL,smoke-ball,smoke-ball,smoke-ball,smoke-ball,smoke-ball,smoke-ball,smoke-ball,smoke-ball,smoke-ball,smoke-ball,smoke-ball,smoke-ball,smoke-ball,smoke-ball
113,"lucky-egg, lucky-punch","lucky-egg, lucky-punch","lucky-egg, lucky-punch","lucky-egg, oval-stone",lucky-egg,lucky-egg,"lucky-egg, oval-stone",lucky-egg,lucky-punch,"lucky-egg, lucky-punch","lucky-egg, oval-stone","lucky-egg, oval-stone",lucky-egg,lucky-egg,"lucky-egg, oval-stone",lucky-punch,lucky-punch,lucky-punch,"lucky-egg, lucky-punch","lucky-egg, lucky-punch","lucky-egg, lucky-punch","lucky-egg, lucky-punch"
116,dragon-scale,dragon-scale,dragon-scale,dragon-scale,dragon-scale,NULL,dragon-scale,NULL,dragon-scale,dragon-scale,dragon-scale,dragon-scale,dragon-scale,dragon-scale,dragon-scale,dragon-scale,dragon-scale,dragon-scale,dragon-scale,dragon-scale,dragon-scale,dragon-scale
117,dragon-scale,dragon-scale,dragon-scale,dragon-scale,dragon-scale,NULL,dragon-scale,NULL,dragon-scale,dragon-scale,dragon-scale,dragon-scale,dragon-scale,dragon-scale,dragon-scale,dragon-scale,dragon-scale,dragon-scale,dragon-scale,dragon-scale,dragon-scale,dragon-scale
118,mystic-water,NULL,NULL,NULL,NULL,NULL,NULL,NULL,mystic-water,mystic-water,NULL,NULL,NULL,NULL,NULL,mystic-water,mystic-water,mystic-water,NULL,NULL,NULL,NULL
119,mystic-water,NULL,NULL,NULL,NULL,NULL,NULL,NULL,mystic-water,mystic-water,NULL,NULL,NULL,NULL,NULL,mystic-water,mystic-water,mystic-water,NULL,NULL,NULL,NULL
120,"star-piece, stardust","star-piece, stardust","star-piece, stardust","star-piece, stardust","star-piece, stardust","star-piece, stardust","star-piece, stardust","star-piece, stardust","star-piece, stardust","star-piece, stardust","star-piece, stardust","star-piece, stardust","star-piece, stardust","star-piece, stardust","star-piece, stardust","star-piece, stardust","star-piece, stardust","star-piece, stardust","star-piece, stardust","star-piece, stardust","star-piece, stardust","star-piece, stardust"
121,"star-piece, stardust","star-piece, stardust","star-piece, stardust","star-piece, stardust","star-piece, stardust","star-piece, stardust","star-piece, stardust","star-piece, stardust","star-piece, stardust","star-piece, stardust","star-piece, stardust","star-piece, stardust","star-piece, stardust","star-piece, stardust","star-piece, stardust","star-piece, stardust","star-piece, stardust","star-piece, stardust","star-piece, stardust","star-piece, stardust","star-piece, stardust","star-piece, stardust"
122,NULL,leppa-berry,NULL,leppa-berry,leppa-berry,NULL,leppa-berry,NULL,NULL,NULL,leppa-berry,leppa-berry,leppa-berry,leppa-berry,leppa-berry,NULL,NULL,NULL,leppa-berry,NULL,NULL,NULL
124,NULL,aspear-berry,aspear-berry,aspear-berry,aspear-berry,NULL,aspear-berry,NULL,NULL,NULL,aspear-berry,aspear-berry,aspear-berry,aspear-berry,aspear-berry,NULL,NULL,NULL,aspear-berry,aspear-berry,NULL,NULL
125,electirizer,NULL,NULL,electirizer,NULL,NULL,NULL,NULL,electirizer,electirizer,electirizer,electirizer,NULL,NULL,NULL,electirizer,electirizer,electirizer,NULL,NULL,NULL,NULL
126,magmarizer,NULL,NULL,magmarizer,rawst-berry,NULL,NULL,NULL,magmarizer,magmarizer,magmarizer,magmarizer,rawst-berry,rawst-berry,NULL,magmarizer,magmarizer,magmarizer,NULL,NULL,NULL,NULL
131,mystic-water,NULL,NULL,NULL,NULL,NULL,NULL,NULL,mystic-water,mystic-water,NULL,NULL,NULL,NULL,NULL,mystic-water,mystic-water,mystic-water,NULL,NULL,mystic-water,mystic-water
132,"metal-powder, quick-powder","metal-powder, quick-powder","metal-powder, quick-powder","metal-powder, quick-powder",metal-powder,metal-powder,"metal-powder, quick-powder",metal-powder,"metal-powder, quick-powder","metal-powder, quick-powder","metal-powder, quick-powder","metal-powder, quick-powder",metal-powder,metal-powder,"metal-powder, quick-powder","metal-powder, quick-powder","metal-powder, quick-powder","metal-powder, quick-powder","metal-powder, quick-powder","metal-powder, quick-powder","metal-powder, quick-powder","metal-powder, quick-powder"
143,leftovers,leftovers,leftovers,leftovers,leftovers,chesto-berry,leftovers,chesto-berry,leftovers,leftovers,leftovers,leftovers,leftovers,leftovers,leftovers,leftovers,leftovers,leftovers,leftovers,leftovers,leftovers,leftovers
147,dragon-scale,dragon-scale,dragon-scale,dragon-scale,dragon-scale,NULL,dragon-scale,NULL,dragon-scale,dragon-scale,dragon-scale,dragon-scale,dragon-scale,dragon-scale,dragon-scale,dragon-scale,dragon-scale,dragon-scale,dragon-scale,dragon-scale,dragon-scale,dragon-scale
148,dragon-scale,dragon-scale,dragon-scale,dragon-scale,dragon-scale,dragon-fang,dragon-scale,dragon-fang,dragon-scale,dragon-scale,dragon-scale,dragon-scale,dragon-scale,dragon-scale,dragon-scale,dragon-scale,dragon-scale,dragon-scale,dragon-scale,dragon-scale,dragon-scale,dragon-scale
149,dragon-scale,dragon-scale,dragon-scale,dragon-scale,dragon-scale,dragon-fang,dragon-scale,dragon-fang,dragon-scale,dragon-scale,dragon-scale,dragon-scale,dragon-scale,dragon-scale,dragon-scale,dragon-scale,dragon-scale,dragon-scale,dragon-scale,dragon-scale,dragon-scale,dragon-scale
151,lum-berry,lum-berry,lum-berry,lum-berry,lum-berry,NULL,lum-berry,NULL,lum-berry,lum-berry,lum-berry,lum-berry,lum-berry,lum-berry,lum-berry,lum-berry,lum-berry,lum-berry,lum-berry,lum-berry,lum-berry,lum-berry
152,NULL,NULL,NULL,NULL,NULL,lum-berry,NULL,lum-berry,NULL,NULL,NULL,NULL,NULL,NULL,NULL,NULL,NULL,NULL,NULL,NULL,NULL,NULL
161,NULL,oran-berry,oran-berry,oran-berry,oran-berry,oran-berry,oran-berry,oran-berry,NULL,NULL,oran-berry,oran-berry,oran-berry,oran-berry,oran-berry,NULL,NULL,NULL,oran-berry,oran-berry,NULL,NULL
162,NULL,"oran-berry, sitrus-berry","oran-berry, sitrus-berry","oran-berry, sitrus-berry","oran-berry, sitrus-berry","oran-berry, sitrus-berry","oran-berry, sitrus-berry","oran-berry, sitrus-berry",NULL,NULL,"oran-berry, sitrus-berry","oran-berry, sitrus-berry","oran-berry, sitrus-berry","oran-berry, sitrus-berry","oran-berry, sitrus-berry",NULL,NULL,NULL,"oran-berry, sitrus-berry","oran-berry, sitrus-berry",NULL,NULL
170,deep-sea-scale,deep-sea-scale,deep-sea-scale,deep-sea-scale,yellow-shard,yellow-shard,deep-sea-scale,yellow-shard,deep-sea-scale,deep-sea-scale,deep-sea-scale,deep-sea-scale,yellow-shard,yellow-shard,deep-sea-scale,deep-sea-scale,deep-sea-scale,deep-sea-scale,deep-sea-scale,deep-sea-scale,deep-sea-scale,deep-sea-scale
171,deep-sea-scale,deep-sea-scale,deep-sea-scale,deep-sea-scale,yellow-shard,yellow-shard,deep-sea-scale,yellow-shard,deep-sea-scale,deep-sea-scale,deep-sea-scale,deep-sea-scale,yellow-shard,yellow-shard,deep-sea-scale,deep-sea-scale,deep-sea-scale,deep-sea-scale,deep-sea-scale,deep-sea-scale,deep-sea-scale,deep-sea-scale
172,NULL,oran-berry,NULL,oran-berry,oran-berry,NULL,oran-berry,NULL,NULL,NULL,oran-berry,oran-berry,oran-berry,oran-berry,oran-berry,NULL,NULL,NULL,oran-berry,NULL,NULL,NULL
173,moon-stone,"comet-shard, leppa-berry, moon-stone","comet-shard, leppa-berry, moon-stone","leppa-berry, moon-stone","leppa-berry, moon-stone",moon-stone,"leppa-berry, moon-stone",moon-stone,moon-stone,moon-stone,"leppa-berry, moon-stone","leppa-berry, moon-stone","leppa-berry, moon-stone","leppa-berry, moon-stone","leppa-berry, moon-stone",moon-stone,moon-stone,moon-stone,"comet-shard, leppa-berry, moon-stone","comet-shard, leppa-berry, moon-stone",moon-stone,moon-stone
174,NULL,NULL,NULL,NULL,NULL,oran-berry,NULL,oran-berry,NULL,NULL,NULL,NULL,NULL,NULL,NULL,NULL,NULL,NULL,NULL,NULL,NULL,NULL
182,absorb-bulb,NULL,NULL,NULL,NULL,NULL,NULL,NULL,absorb-bulb,absorb-bulb,NULL,NULL,NULL,NULL,NULL,absorb-bulb,absorb-bulb,absorb-bulb,NULL,NULL,NULL,NULL
186,kings-rock,kings-rock,kings-rock,kings-rock,kings-rock,kings-rock,kings-rock,kings-rock,kings-rock,kings-rock,kings-rock,kings-rock,kings-rock,kings-rock,kings-rock,kings-rock,kings-rock,kings-rock,kings-rock,kings-rock,kings-rock,kings-rock
191,NULL,coba-berry,NULL,coba-berry,NULL,NULL,coba-berry,NULL,NULL,NULL,coba-berry,coba-berry,NULL,NULL,coba-berry,NULL,NULL,NULL,coba-berry,NULL,NULL,NULL
193,wide-lens,wide-lens,wide-lens,wide-lens,NULL,NULL,wide-lens,NULL,wide-lens,wide-lens,wide-lens,wide-lens,NULL,NULL,wide-lens,wide-lens,wide-lens,wide-lens,wide-lens,wide-lens,wide-lens,wide-lens
199,kings-rock,kings-rock,kings-rock,kings-rock,kings-rock,kings-rock,kings-rock,kings-rock,kings-rock,kings-rock,kings-rock,kings-rock,kings-rock,kings-rock,kings-rock,kings-rock,kings-rock,kings-rock,kings-rock,kings-rock,kings-rock,kings-rock
200,NULL,NULL,NULL,NULL,spell-tag,spell-tag,NULL,spell-tag,NULL,NULL,NULL,NULL,spell-tag,spell-tag,NULL,NULL,NULL,NULL,NULL,NULL,NULL,NULL
203,NULL,persim-berry,persim-berry,persim-berry,persim-berry,persim-berry,persim-berry,persim-berry,NULL,NULL,persim-berry,persim-berry,persim-berry,persim-berry,persim-berry,NULL,NULL,NULL,persim-berry,persim-berry,NULL,NULL
208,metal-coat,metal-coat,metal-coat,metal-coat,metal-coat,metal-coat,metal-coat,metal-coat,metal-coat,metal-coat,metal-coat,metal-coat,metal-coat,metal-coat,metal-coat,metal-coat,metal-coat,metal-coat,metal-coat,metal-coat,metal-coat,metal-coat
211,poison-barb,poison-barb,poison-barb,poison-barb,NULL,NULL,poison-barb,NULL,poison-barb,poison-barb,poison-barb,poison-barb,NULL,NULL,poison-barb,poison-barb,poison-barb,poison-barb,poison-barb,poison-barb,poison-barb,poison-barb
213,berry-juice,berry-juice,berry-juice,oran-berry,oran-berry,berry-juice,berry-juice,berry-juice,berry-juice,berry-juice,oran-berry,oran-berry,oran-berry,oran-berry,berry-juice,berry-juice,berry-juice,berry-juice,berry-juice,berry-juice,berry-juice,berry-juice
215,quick-claw,"grip-claw, quick-claw","grip-claw, quick-claw","grip-claw, quick-claw",quick-claw,NULL,"grip-claw, quick-claw",NULL,quick-claw,quick-claw,"grip-claw, quick-claw","grip-claw, quick-claw",quick-claw,quick-claw,"grip-claw, quick-claw",quick-claw,quick-claw,quick-claw,"grip-claw, quick-claw","grip-claw, quick-claw","grip-claw, quick-claw","grip-claw, quick-claw"
216,NULL,NULL,NULL,NULL,NULL,"oran-berry, sitrus-berry",NULL,"oran-berry, sitrus-berry",NULL,NULL,NULL,NULL,NULL,NULL,NULL,NULL,NULL,NULL,NULL,NULL,NULL,NULL
217,NULL,NULL,NULL,NULL,NULL,"oran-berry, sitrus-berry",NULL,"oran-berry, sitrus-berry",NULL,NULL,NULL,NULL,NULL,NULL,NULL,NULL,NULL,NULL,NULL,NULL,NULL,NULL
220,NULL,NULL,NULL,NULL,NULL,aspear-berry,NULL,aspear-berry,NULL,NULL,NULL,NULL,NULL,NULL,NULL,NULL,NULL,NULL,NULL,NULL,NULL,NULL
221,NULL,NULL,NULL,NULL,NULL,"aspear-berry, never-melt-ice",NULL,"aspear-berry, never-melt-ice",NULL,NULL,NULL,NULL,NULL,NULL,NULL,NULL,NULL,NULL,NULL,NULL,NULL,NULL
222,luminous-moss,hard-stone,hard-stone,hard-stone,red-shard,red-shard,hard-stone,red-shard,luminous-moss,luminous-moss,hard-stone,hard-stone,red-shard,red-shard,hard-stone,luminous-moss,luminous-moss,luminous-moss,hard-stone,hard-stone,hard-stone,hard-stone
227,metal-coat,NULL,NULL,NULL,NULL,sharp-beak,NULL,sharp-beak,metal-coat,metal-coat,NULL,NULL,NULL,NULL,NULL,metal-coat,metal-coat,metal-coat,NULL,NULL,NULL,NULL
230,dragon-scale,dragon-scale,dragon-scale,dragon-scale,dragon-scale,dragon-scale,dragon-scale,dragon-scale,dragon-scale,dragon-scale,dragon-scale,dragon-scale,dragon-scale,dragon-scale,dragon-scale,dragon-scale,dragon-scale,dragon-scale,dragon-scale,dragon-scale,dragon-scale,dragon-scale
231,NULL,passho-berry,passho-berry,passho-berry,NULL,NULL,passho-berry,NULL,NULL,NULL,passho-berry,passho-berry,NULL,NULL,passho-berry,NULL,NULL,NULL,passho-berry,passho-berry,NULL,NULL
232,NULL,passho-berry,passho-berry,passho-berry,NULL,NULL,passho-berry,NULL,NULL,NULL,passho-berry,passho-berry,NULL,NULL,passho-berry,NULL,NULL,NULL,passho-berry,passho-berry,NULL,NULL
233,NULL,NULL,NULL,NULL,NULL,up-grade,NULL,up-grade,NULL,NULL,NULL,NULL,NULL,NULL,NULL,NULL,NULL,NULL,NULL,NULL,NULL,NULL
238,NULL,aspear-berry,aspear-berry,aspear-berry,aspear-berry,NULL,aspear-berry,NULL,NULL,NULL,aspear-berry,aspear-berry,aspear-berry,aspear-berry,aspear-berry,NULL,NULL,NULL,aspear-berry,aspear-berry,NULL,NULL
239,electirizer,NULL,NULL,electirizer,NULL,NULL,NULL,NULL,electirizer,electirizer,electirizer,electirizer,NULL,NULL,NULL,electirizer,electirizer,electirizer,NULL,NULL,NULL,NULL
240,magmarizer,NULL,NULL,magmarizer,rawst-berry,NULL,NULL,NULL,magmarizer,magmarizer,magmarizer,magmarizer,rawst-berry,rawst-berry,NULL,magmarizer,magmarizer,magmarizer,NULL,NULL,NULL,NULL
241,moomoo-milk,moomoo-milk,moomoo-milk,moomoo-milk,moomoo-milk,moomoo-milk,moomoo-milk,moomoo-milk,moomoo-milk,moomoo-milk,moomoo-milk,moomoo-milk,moomoo-milk,moomoo-milk,moomoo-milk,moomoo-milk,moomoo-milk,moomoo-milk,moomoo-milk,moomoo-milk,moomoo-milk,moomoo-milk
242,lucky-egg,lucky-egg,lucky-egg,"lucky-egg, oval-stone",lucky-egg,lucky-egg,"lucky-egg, oval-stone",lucky-egg,NULL,lucky-egg,"lucky-egg, oval-stone","lucky-egg, oval-stone",lucky-egg,lucky-egg,"lucky-egg, oval-stone",NULL,lucky-egg,lucky-egg,lucky-egg,lucky-egg,lucky-egg,lucky-egg
250,sacred-ash,sacred-ash,sacred-ash,sacred-ash,sacred-ash,NULL,sacred-ash,NULL,sacred-ash,sacred-ash,sacred-ash,sacred-ash,sacred-ash,sacred-ash,sacred-ash,sacred-ash,sacred-ash,sacred-ash,sacred-ash,sacred-ash,sacred-ash,sacred-ash
251,lum-berry,lum-berry,lum-berry,lum-berry,lum-berry,lum-berry,lum-berry,lum-berry,lum-berry,lum-berry,lum-berry,lum-berry,lum-berry,lum-berry,lum-berry,lum-berry,lum-berry,lum-berry,lum-berry,lum-berry,lum-berry,lum-berry
261,NULL,pecha-berry,pecha-berry,pecha-berry,pecha-berry,pecha-berry,pecha-berry,pecha-berry,NULL,NULL,pecha-berry,pecha-berry,pecha-berry,pecha-berry,pecha-berry,NULL,NULL,NULL,pecha-berry,pecha-berry,NULL,NULL
262,NULL,pecha-berry,pecha-berry,pecha-berry,pecha-berry,pecha-berry,pecha-berry,pecha-berry,NULL,NULL,pecha-berry,pecha-berry,pecha-berry,pecha-berry,pecha-berry,NULL,NULL,NULL,pecha-berry,pecha-berry,NULL,NULL
263,"potion, revive",oran-berry,oran-berry,oran-berry,oran-berry,oran-berry,oran-berry,oran-berry,"potion, revive","potion, revive",oran-berry,oran-berry,oran-berry,oran-berry,oran-berry,"potion, revive","potion, revive","potion, revive",oran-berry,oran-berry,NULL,NULL
264,"max-revive, potion","oran-berry, sitrus-berry","oran-berry, sitrus-berry","oran-berry, sitrus-berry","oran-berry, sitrus-berry","oran-berry, sitrus-berry","oran-berry, sitrus-berry","oran-berry, sitrus-berry","max-revive, potion","max-revive, potion","oran-berry, sitrus-berry","oran-berry, sitrus-berry","oran-berry, sitrus-berry","oran-berry, sitrus-berry","oran-berry, sitrus-berry","max-revive, potion","max-revive, potion","max-revive, potion","oran-berry, sitrus-berry","oran-berry, sitrus-berry",NULL,NULL
265,"bright-powder, pecha-berry",NULL,NULL,NULL,NULL,NULL,NULL,NULL,"bright-powder, pecha-berry","bright-powder, pecha-berry",NULL,NULL,NULL,NULL,NULL,"bright-powder, pecha-berry","bright-powder, pecha-berry","bright-powder, pecha-berry",NULL,NULL,NULL,NULL
267,shed-shell,shed-shell,shed-shell,shed-shell,silver-powder,silver-powder,shed-shell,silver-powder,shed-shell,shed-shell,shed-shell,shed-shell,silver-powder,silver-powder,shed-shell,shed-shell,shed-shell,shed-shell,shed-shell,shed-shell,shed-shell,shed-shell
269,shed-shell,shed-shell,shed-shell,shed-shell,silver-powder,silver-powder,shed-shell,silver-powder,shed-shell,shed-shell,shed-shell,shed-shell,silver-powder,silver-powder,shed-shell,shed-shell,shed-shell,shed-shell,shed-shell,shed-shell,shed-shell,shed-shell
270,mental-herb,NULL,NULL,NULL,NULL,NULL,NULL,NULL,mental-herb,mental-herb,NULL,NULL,NULL,NULL,NULL,mental-herb,mental-herb,mental-herb,NULL,NULL,NULL,NULL
271,mental-herb,NULL,NULL,NULL,NULL,NULL,NULL,NULL,mental-herb,mental-herb,NULL,NULL,NULL,NULL,NULL,mental-herb,mental-herb,mental-herb,NULL,NULL,NULL,NULL
272,mental-herb,NULL,NULL,NULL,NULL,NULL,NULL,NULL,mental-herb,mental-herb,NULL,NULL,NULL,NULL,NULL,mental-herb,mental-herb,mental-herb,NULL,NULL,NULL,NULL
273,power-herb,NULL,NULL,NULL,NULL,NULL,NULL,NULL,power-herb,power-herb,NULL,NULL,NULL,NULL,NULL,power-herb,power-herb,power-herb,NULL,NULL,NULL,NULL
274,power-herb,NULL,NULL,NULL,NULL,NULL,NULL,NULL,power-herb,power-herb,NULL,NULL,NULL,NULL,NULL,power-herb,power-herb,power-herb,NULL,NULL,NULL,NULL
275,power-herb,NULL,NULL,NULL,NULL,NULL,NULL,NULL,power-herb,power-herb,NULL,NULL,NULL,NULL,NULL,power-herb,power-herb,power-herb,NULL,NULL,NULL,NULL
276,NULL,charti-berry,charti-berry,charti-berry,NULL,NULL,charti-berry,NULL,NULL,NULL,charti-berry,charti-berry,NULL,NULL,charti-berry,NULL,NULL,NULL,charti-berry,charti-berry,NULL,NULL
277,NULL,charti-berry,charti-berry,charti-berry,NULL,NULL,charti-berry,NULL,NULL,NULL,charti-berry,charti-berry,NULL,NULL,charti-berry,NULL,NULL,NULL,charti-berry,charti-berry,NULL,NULL
278,pretty-wing,NULL,NULL,NULL,NULL,NULL,NULL,NULL,pretty-wing,pretty-wing,NULL,NULL,NULL,NULL,NULL,pretty-wing,pretty-wing,pretty-wing,NULL,NULL,NULL,NULL
279,"lucky-egg, pretty-wing",NULL,NULL,NULL,NULL,NULL,NULL,NULL,pretty-wing,"lucky-egg, pretty-wing",NULL,NULL,NULL,NULL,NULL,pretty-wing,pretty-wing,pretty-wing,NULL,NULL,NULL,NULL
283,honey,NULL,NULL,NULL,NULL,NULL,NULL,NULL,honey,honey,NULL,NULL,NULL,NULL,NULL,honey,honey,honey,NULL,NULL,NULL,NULL
284,silver-powder,silver-powder,silver-powder,silver-powder,silver-powder,silver-powder,silver-powder,silver-powder,silver-powder,silver-powder,silver-powder,silver-powder,silver-powder,silver-powder,silver-powder,silver-powder,silver-powder,silver-powder,silver-powder,silver-powder,silver-powder,silver-powder
285,"big-mushroom, tiny-mushroom",kebia-berry,kebia-berry,kebia-berry,NULL,NULL,kebia-berry,NULL,"big-mushroom, tiny-mushroom","big-mushroom, tiny-mushroom",kebia-berry,kebia-berry,NULL,NULL,kebia-berry,"big-mushroom, tiny-mushroom","big-mushroom, tiny-mushroom","big-mushroom, tiny-mushroom",kebia-berry,kebia-berry,NULL,NULL
286,"big-mushroom, tiny-mushroom",kebia-berry,kebia-berry,kebia-berry,NULL,NULL,kebia-berry,NULL,"big-mushroom, tiny-mushroom","big-mushroom, tiny-mushroom",kebia-berry,kebia-berry,NULL,NULL,kebia-berry,"big-mushroom, tiny-mushroom","big-mushroom, tiny-mushroom","big-mushroom, tiny-mushroom",kebia-berry,kebia-berry,NULL,NULL
290,soft-sand,NULL,NULL,NULL,NULL,NULL,NULL,NULL,soft-sand,soft-sand,NULL,NULL,NULL,NULL,NULL,soft-sand,soft-sand,soft-sand,NULL,NULL,NULL,NULL
293,NULL,chesto-berry,chesto-berry,chesto-berry,chesto-berry,chesto-berry,chesto-berry,chesto-berry,NULL,NULL,chesto-berry,chesto-berry,chesto-berry,chesto-berry,chesto-berry,NULL,NULL,NULL,chesto-berry,chesto-berry,NULL,NULL
294,NULL,chesto-berry,chesto-berry,chesto-berry,chesto-berry,chesto-berry,chesto-berry,chesto-berry,NULL,NULL,chesto-berry,chesto-berry,chesto-berry,chesto-berry,chesto-berry,NULL,NULL,NULL,chesto-berry,chesto-berry,NULL,NULL
295,NULL,chesto-berry,chesto-berry,chesto-berry,chesto-berry,chesto-berry,chesto-berry,chesto-berry,NULL,NULL,chesto-berry,chesto-berry,chesto-berry,chesto-berry,chesto-berry,NULL,NULL,NULL,chesto-berry,chesto-berry,NULL,NULL
296,black-belt,NULL,NULL,NULL,NULL,NULL,NULL,NULL,black-belt,black-belt,NULL,NULL,NULL,NULL,NULL,black-belt,black-belt,black-belt,NULL,NULL,NULL,NULL
297,kings-rock,kings-rock,kings-rock,kings-rock,kings-rock,kings-rock,kings-rock,kings-rock,kings-rock,kings-rock,kings-rock,kings-rock,kings-rock,kings-rock,kings-rock,kings-rock,kings-rock,kings-rock,kings-rock,kings-rock,kings-rock,kings-rock
299,hard-stone,hard-stone,hard-stone,hard-stone,NULL,NULL,hard-stone,NULL,magnet,hard-stone,hard-stone,hard-stone,NULL,NULL,hard-stone,magnet,magnet,magnet,hard-stone,hard-stone,hard-stone,hard-stone
300,NULL,leppa-berry,pecha-berry,leppa-berry,leppa-berry,leppa-berry,leppa-berry,leppa-berry,NULL,NULL,leppa-berry,leppa-berry,leppa-berry,leppa-berry,leppa-berry,NULL,NULL,NULL,leppa-berry,pecha-berry,NULL,NULL
301,NULL,leppa-berry,pecha-berry,leppa-berry,leppa-berry,leppa-berry,leppa-berry,leppa-berry,NULL,NULL,leppa-berry,leppa-berry,leppa-berry,leppa-berry,leppa-berry,NULL,NULL,NULL,leppa-berry,pecha-berry,NULL,NULL
302,wide-lens,NULL,NULL,NULL,NULL,NULL,NULL,NULL,wide-lens,wide-lens,NULL,NULL,NULL,NULL,NULL,wide-lens,wide-lens,wide-lens,NULL,NULL,NULL,NULL
303,iron-ball,occa-berry,occa-berry,occa-berry,NULL,NULL,occa-berry,NULL,iron-ball,iron-ball,occa-berry,occa-berry,NULL,NULL,occa-berry,iron-ball,iron-ball,iron-ball,occa-berry,occa-berry,NULL,NULL
304,hard-stone,hard-stone,hard-stone,hard-stone,hard-stone,hard-stone,hard-stone,hard-stone,hard-stone,hard-stone,hard-stone,hard-stone,hard-stone,hard-stone,hard-stone,hard-stone,hard-stone,hard-stone,hard-stone,hard-stone,hard-stone,hard-stone
305,hard-stone,hard-stone,hard-stone,hard-stone,hard-stone,hard-stone,hard-stone,hard-stone,hard-stone,hard-stone,hard-stone,hard-stone,hard-stone,hard-stone,hard-stone,hard-stone,hard-stone,hard-stone,hard-stone,hard-stone,hard-stone,hard-stone
306,hard-stone,hard-stone,hard-stone,hard-stone,hard-stone,hard-stone,hard-stone,hard-stone,hard-stone,hard-stone,hard-stone,hard-stone,hard-stone,hard-stone,hard-stone,hard-stone,hard-stone,hard-stone,hard-stone,hard-stone,hard-stone,hard-stone
311,cell-battery,NULL,NULL,NULL,NULL,NULL,NULL,NULL,cell-battery,cell-battery,NULL,NULL,NULL,NULL,NULL,cell-battery,cell-battery,cell-battery,NULL,NULL,NULL,NULL
312,cell-battery,NULL,NULL,NULL,NULL,NULL,NULL,NULL,cell-battery,cell-battery,NULL,NULL,NULL,NULL,NULL,cell-battery,cell-battery,cell-battery,NULL,NULL,NULL,NULL
313,bright-powder,NULL,NULL,NULL,NULL,NULL,NULL,NULL,bright-powder,bright-powder,NULL,NULL,NULL,NULL,NULL,bright-powder,bright-powder,bright-powder,NULL,NULL,NULL,NULL
314,bright-powder,NULL,NULL,NULL,NULL,NULL,NULL,NULL,bright-powder,bright-powder,NULL,NULL,NULL,NULL,NULL,bright-powder,bright-powder,bright-powder,NULL,NULL,NULL,NULL
315,poison-barb,poison-barb,"absorb-bulb, poison-barb",poison-barb,poison-barb,poison-barb,poison-barb,poison-barb,poison-barb,poison-barb,poison-barb,poison-barb,poison-barb,poison-barb,poison-barb,poison-barb,poison-barb,poison-barb,poison-barb,"absorb-bulb, poison-barb",poison-barb,poison-barb
316,"oran-berry, sitrus-berry",big-pearl,big-pearl,big-pearl,big-pearl,big-pearl,big-pearl,big-pearl,"oran-berry, sitrus-berry","oran-berry, sitrus-berry",big-pearl,big-pearl,big-pearl,big-pearl,big-pearl,"oran-berry, sitrus-berry","oran-berry, sitrus-berry","oran-berry, sitrus-berry",big-pearl,big-pearl,oran-berry,oran-berry
317,"oran-berry, sitrus-berry",big-pearl,big-pearl,big-pearl,big-pearl,big-pearl,big-pearl,big-pearl,"oran-berry, sitrus-berry","oran-berry, sitrus-berry",big-pearl,big-pearl,big-pearl,big-pearl,big-pearl,"oran-berry, sitrus-berry","oran-berry, sitrus-berry","oran-berry, sitrus-berry",big-pearl,big-pearl,oran-berry,oran-berry
318,deep-sea-tooth,deep-sea-tooth,deep-sea-tooth,deep-sea-tooth,NULL,NULL,deep-sea-tooth,NULL,deep-sea-tooth,deep-sea-tooth,deep-sea-tooth,deep-sea-tooth,NULL,NULL,deep-sea-tooth,deep-sea-tooth,deep-sea-tooth,deep-sea-tooth,deep-sea-tooth,deep-sea-tooth,deep-sea-tooth,deep-sea-tooth
319,deep-sea-tooth,deep-sea-tooth,deep-sea-tooth,deep-sea-tooth,NULL,NULL,deep-sea-tooth,NULL,deep-sea-tooth,deep-sea-tooth,deep-sea-tooth,deep-sea-tooth,NULL,NULL,deep-sea-tooth,deep-sea-tooth,deep-sea-tooth,deep-sea-tooth,deep-sea-tooth,deep-sea-tooth,deep-sea-tooth,deep-sea-tooth
322,NULL,rawst-berry,rawst-berry,rawst-berry,rawst-berry,rawst-berry,rawst-berry,rawst-berry,NULL,NULL,rawst-berry,rawst-berry,rawst-berry,rawst-berry,rawst-berry,NULL,NULL,NULL,rawst-berry,rawst-berry,NULL,NULL
323,NULL,rawst-berry,rawst-berry,rawst-berry,rawst-berry,rawst-berry,rawst-berry,rawst-berry,NULL,NULL,rawst-berry,rawst-berry,rawst-berry,rawst-berry,rawst-berry,NULL,NULL,NULL,rawst-berry,rawst-berry,NULL,NULL
324,charcoal,NULL,NULL,NULL,NULL,NULL,NULL,NULL,charcoal,charcoal,NULL,NULL,NULL,NULL,NULL,charcoal,charcoal,charcoal,NULL,NULL,charcoal,charcoal
325,NULL,tanga-berry,persim-berry,tanga-berry,NULL,NULL,tanga-berry,NULL,NULL,NULL,tanga-berry,tanga-berry,NULL,NULL,tanga-berry,NULL,NULL,NULL,tanga-berry,persim-berry,NULL,NULL
326,NULL,tanga-berry,persim-berry,tanga-berry,NULL,NULL,tanga-berry,NULL,NULL,NULL,tanga-berry,tanga-berry,NULL,NULL,tanga-berry,NULL,NULL,NULL,tanga-berry,persim-berry,NULL,NULL
327,NULL,chesto-berry,chesto-berry,chesto-berry,chesto-berry,chesto-berry,chesto-berry,chesto-berry,NULL,NULL,chesto-berry,chesto-berry,chesto-berry,chesto-berry,chesto-berry,NULL,NULL,NULL,chesto-berry,chesto-berry,NULL,NULL
328,soft-sand,soft-sand,soft-sand,soft-sand,soft-sand,soft-sand,soft-sand,soft-sand,soft-sand,soft-sand,soft-sand,soft-sand,soft-sand,soft-sand,soft-sand,soft-sand,soft-sand,soft-sand,soft-sand,soft-sand,soft-sand,soft-sand
331,sticky-barb,sticky-barb,sticky-barb,sticky-barb,poison-barb,poison-barb,sticky-barb,poison-barb,sticky-barb,sticky-barb,sticky-barb,sticky-barb,poison-barb,poison-barb,sticky-barb,sticky-barb,sticky-barb,sticky-barb,sticky-barb,sticky-barb,sticky-barb,sticky-barb
332,sticky-barb,sticky-barb,sticky-barb,sticky-barb,poison-barb,poison-barb,sticky-barb,poison-barb,sticky-barb,sticky-barb,sticky-barb,sticky-barb,poison-barb,poison-barb,sticky-barb,sticky-barb,sticky-barb,sticky-barb,sticky-barb,sticky-barb,sticky-barb,sticky-barb
335,quick-claw,quick-claw,quick-claw,quick-claw,NULL,NULL,quick-claw,NULL,quick-claw,quick-claw,quick-claw,quick-claw,NULL,NULL,quick-claw,quick-claw,quick-claw,quick-claw,quick-claw,quick-claw,quick-claw,quick-claw
336,shed-shell,NULL,NULL,NULL,NULL,NULL,NULL,NULL,shed-shell,shed-shell,NULL,NULL,NULL,NULL,NULL,shed-shell,shed-shell,shed-shell,NULL,NULL,persim-berry,persim-berry
337,"moon-stone, stardust","comet-shard, moon-stone","comet-shard, moon-stone",moon-stone,moon-stone,moon-stone,moon-stone,moon-stone,"moon-stone, stardust","moon-stone, stardust",moon-stone,moon-stone,moon-stone,moon-stone,moon-stone,"moon-stone, stardust","moon-stone, stardust","moon-stone, stardust","comet-shard, moon-stone","comet-shard, moon-stone",moon-stone,moon-stone
338,"stardust, sun-stone","comet-shard, sun-stone","comet-shard, sun-stone",sun-stone,sun-stone,sun-stone,sun-stone,sun-stone,"stardust, sun-stone","stardust, sun-stone",sun-stone,sun-stone,sun-stone,sun-stone,sun-stone,"stardust, sun-stone","stardust, sun-stone","stardust, sun-stone","comet-shard, sun-stone","comet-shard, sun-stone",sun-stone,sun-stone
343,light-clay,NULL,NULL,NULL,NULL,NULL,NULL,NULL,light-clay,light-clay,NULL,NULL,NULL,NULL,NULL,light-clay,light-clay,light-clay,NULL,NULL,NULL,NULL
344,light-clay,NULL,NULL,NULL,NULL,NULL,NULL,NULL,light-clay,light-clay,NULL,NULL,NULL,NULL,NULL,light-clay,light-clay,light-clay,NULL,NULL,NULL,NULL
345,big-root,big-root,big-root,big-root,NULL,NULL,big-root,NULL,big-root,big-root,big-root,big-root,NULL,NULL,big-root,big-root,big-root,big-root,big-root,big-root,big-root,big-root
346,big-root,big-root,big-root,big-root,NULL,NULL,big-root,NULL,big-root,big-root,big-root,big-root,NULL,NULL,big-root,big-root,big-root,big-root,big-root,big-root,big-root,big-root
351,mystic-water,mystic-water,mystic-water,mystic-water,mystic-water,mystic-water,mystic-water,mystic-water,mystic-water,mystic-water,mystic-water,mystic-water,mystic-water,mystic-water,mystic-water,mystic-water,mystic-water,mystic-water,mystic-water,mystic-water,mystic-water,mystic-water
352,NULL,persim-berry,persim-berry,persim-berry,persim-berry,persim-berry,persim-berry,persim-berry,NULL,NULL,persim-berry,persim-berry,persim-berry,persim-berry,persim-berry,NULL,NULL,NULL,persim-berry,persim-berry,NULL,NULL
353,spell-tag,spell-tag,spell-tag,spell-tag,spell-tag,spell-tag,spell-tag,spell-tag,spell-tag,spell-tag,spell-tag,spell-tag,spell-tag,spell-tag,spell-tag,spell-tag,spell-tag,spell-tag,spell-tag,spell-tag,spell-tag,spell-tag
354,spell-tag,spell-tag,spell-tag,spell-tag,spell-tag,spell-tag,spell-tag,spell-tag,spell-tag,spell-tag,spell-tag,spell-tag,spell-tag,spell-tag,spell-tag,spell-tag,spell-tag,spell-tag,spell-tag,spell-tag,spell-tag,spell-tag
355,spell-tag,kasib-berry,kasib-berry,kasib-berry,spell-tag,spell-tag,kasib-berry,spell-tag,spell-tag,spell-tag,kasib-berry,kasib-berry,spell-tag,spell-tag,kasib-berry,spell-tag,spell-tag,spell-tag,kasib-berry,kasib-berry,NULL,NULL
356,spell-tag,kasib-berry,kasib-berry,kasib-berry,spell-tag,spell-tag,kasib-berry,spell-tag,spell-tag,spell-tag,kasib-berry,kasib-berry,spell-tag,spell-tag,kasib-berry,spell-tag,spell-tag,spell-tag,kasib-berry,kasib-berry,NULL,NULL
358,cleanse-tag,colbur-berry,colbur-berry,colbur-berry,NULL,NULL,colbur-berry,NULL,cleanse-tag,cleanse-tag,colbur-berry,colbur-berry,NULL,NULL,colbur-berry,cleanse-tag,cleanse-tag,cleanse-tag,colbur-berry,colbur-berry,NULL,NULL
359,life-orb,NULL,NULL,NULL,NULL,NULL,NULL,NULL,NULL,life-orb,NULL,NULL,NULL,NULL,NULL,NULL,NULL,NULL,NULL,NULL,NULL,NULL
361,snowball,babiri-berry,babiri-berry,babiri-berry,NULL,NULL,babiri-berry,NULL,snowball,snowball,babiri-berry,babiri-berry,NULL,NULL,babiri-berry,snowball,snowball,snowball,babiri-berry,babiri-berry,NULL,NULL
362,NULL,babiri-berry,babiri-berry,babiri-berry,never-melt-ice,never-melt-ice,babiri-berry,never-melt-ice,NULL,NULL,babiri-berry,babiri-berry,never-melt-ice,never-melt-ice,babiri-berry,NULL,NULL,NULL,babiri-berry,babiri-berry,NULL,NULL
366,"big-pearl, pearl",big-pearl,big-pearl,big-pearl,blue-shard,blue-shard,big-pearl,blue-shard,"big-pearl, pearl","big-pearl, pearl",big-pearl,big-pearl,blue-shard,blue-shard,big-pearl,"big-pearl, pearl","big-pearl, pearl","big-pearl, pearl",big-pearl,big-pearl,big-pearl,big-pearl
367,deep-sea-tooth,deep-sea-tooth,deep-sea-tooth,deep-sea-tooth,NULL,NULL,deep-sea-tooth,NULL,deep-sea-tooth,deep-sea-tooth,deep-sea-tooth,deep-sea-tooth,NULL,NULL,deep-sea-tooth,deep-sea-tooth,deep-sea-tooth,deep-sea-tooth,deep-sea-tooth,deep-sea-tooth,deep-sea-tooth,deep-sea-tooth
368,deep-sea-scale,deep-sea-scale,deep-sea-scale,deep-sea-scale,NULL,NULL,deep-sea-scale,NULL,deep-sea-scale,deep-sea-scale,deep-sea-scale,deep-sea-scale,NULL,NULL,deep-sea-scale,deep-sea-scale,deep-sea-scale,deep-sea-scale,deep-sea-scale,deep-sea-scale,deep-sea-scale,deep-sea-scale
369,deep-sea-scale,deep-sea-scale,deep-sea-scale,deep-sea-scale,green-shard,green-shard,deep-sea-scale,green-shard,deep-sea-scale,deep-sea-scale,deep-sea-scale,deep-sea-scale,green-shard,green-shard,deep-sea-scale,deep-sea-scale,deep-sea-scale,deep-sea-scale,deep-sea-scale,deep-sea-scale,deep-sea-scale,deep-sea-scale
370,heart-scale,heart-scale,heart-scale,heart-scale,heart-scale,heart-scale,heart-scale,heart-scale,heart-scale,heart-scale,heart-scale,heart-scale,heart-scale,heart-scale,heart-scale,heart-scale,heart-scale,heart-scale,heart-scale,heart-scale,heart-scale,heart-scale
371,dragon-fang,dragon-fang,dragon-fang,dragon-fang,dragon-scale,dragon-scale,dragon-fang,dragon-scale,dragon-fang,dragon-fang,dragon-fang,dragon-fang,dragon-scale,dragon-scale,dragon-fang,dragon-fang,dragon-fang,dragon-fang,dragon-fang,dragon-fang,dragon-fang,dragon-fang
372,dragon-fang,dragon-fang,dragon-fang,dragon-fang,dragon-scale,dragon-scale,dragon-fang,dragon-scale,dragon-fang,dragon-fang,dragon-fang,dragon-fang,dragon-scale,dragon-scale,dragon-fang,dragon-fang,dragon-fang,dragon-fang,dragon-fang,dragon-fang,dragon-fang,dragon-fang
373,dragon-fang,dragon-fang,dragon-fang,dragon-fang,dragon-scale,dragon-scale,dragon-fang,dragon-scale,dragon-fang,dragon-fang,dragon-fang,dragon-fang,dragon-scale,dragon-scale,dragon-fang,dragon-fang,dragon-fang,dragon-fang,dragon-fang,dragon-fang,dragon-fang,dragon-fang
374,metal-coat,metal-coat,metal-coat,metal-coat,metal-coat,metal-coat,metal-coat,metal-coat,metal-coat,metal-coat,metal-coat,metal-coat,metal-coat,metal-coat,metal-coat,metal-coat,metal-coat,metal-coat,metal-coat,metal-coat,metal-coat,metal-coat
375,metal-coat,metal-coat,metal-coat,metal-coat,metal-coat,metal-coat,metal-coat,metal-coat,metal-coat,metal-coat,metal-coat,metal-coat,metal-coat,metal-coat,metal-coat,metal-coat,metal-coat,metal-coat,metal-coat,metal-coat,metal-coat,metal-coat
376,metal-coat,metal-coat,metal-coat,metal-coat,metal-coat,metal-coat,metal-coat,metal-coat,metal-coat,metal-coat,metal-coat,metal-coat,metal-coat,metal-coat,metal-coat,metal-coat,metal-coat,metal-coat,metal-coat,metal-coat,metal-coat,metal-coat
385,star-piece,star-piece,star-piece,star-piece,star-piece,star-piece,star-piece,star-piece,star-piece,star-piece,star-piece,star-piece,star-piece,star-piece,star-piece,star-piece,star-piece,star-piece,star-piece,star-piece,star-piece,star-piece
396,NULL,yache-berry,yache-berry,yache-berry,NULL,NULL,yache-berry,NULL,NULL,NULL,yache-berry,yache-berry,NULL,NULL,yache-berry,NULL,NULL,NULL,yache-berry,yache-berry,NULL,NULL
397,NULL,yache-berry,yache-berry,yache-berry,NULL,NULL,yache-berry,NULL,NULL,NULL,yache-berry,yache-berry,NULL,NULL,yache-berry,NULL,NULL,NULL,yache-berry,yache-berry,NULL,NULL
398,NULL,yache-berry,yache-berry,yache-berry,NULL,NULL,yache-berry,NULL,NULL,NULL,yache-berry,yache-berry,NULL,NULL,yache-berry,NULL,NULL,NULL,yache-berry,yache-berry,NULL,NULL
400,NULL,"oran-berry, sitrus-berry","oran-berry, sitrus-berry","oran-berry, sitrus-berry",NULL,NULL,"oran-berry, sitrus-berry",NULL,NULL,NULL,"oran-berry, sitrus-berry","oran-berry, sitrus-berry",NULL,NULL,"oran-berry, sitrus-berry",NULL,NULL,NULL,"oran-berry, sitrus-berry","oran-berry, sitrus-berry",NULL,NULL
401,metronome,metronome,metronome,metronome,NULL,NULL,metronome,NULL,metronome,metronome,metronome,metronome,NULL,NULL,metronome,metronome,metronome,metronome,metronome,metronome,metronome,metronome
402,metronome,metronome,metronome,metronome,NULL,NULL,metronome,NULL,metronome,metronome,metronome,metronome,NULL,NULL,metronome,metronome,metronome,metronome,metronome,metronome,metronome,metronome
406,poison-barb,poison-barb,poison-barb,poison-barb,NULL,NULL,poison-barb,NULL,poison-barb,poison-barb,poison-barb,poison-barb,NULL,NULL,poison-barb,poison-barb,poison-barb,poison-barb,poison-barb,poison-barb,poison-barb,poison-barb
407,poison-barb,poison-barb,"absorb-bulb, poison-barb",poison-barb,NULL,NULL,poison-barb,NULL,poison-barb,poison-barb,poison-barb,poison-barb,NULL,NULL,poison-barb,poison-barb,poison-barb,poison-barb,poison-barb,"absorb-bulb, poison-barb",poison-barb,poison-barb
413,silver-powder,silver-powder,silver-powder,silver-powder,NULL,NULL,silver-powder,NULL,silver-powder,silver-powder,silver-powder,silver-powder,NULL,NULL,silver-powder,silver-powder,silver-powder,silver-powder,silver-powder,silver-powder,silver-powder,silver-powder
414,silver-powder,silver-powder,silver-powder,silver-powder,NULL,NULL,silver-powder,NULL,silver-powder,silver-powder,silver-powder,silver-powder,NULL,NULL,silver-powder,silver-powder,silver-powder,silver-powder,silver-powder,silver-powder,silver-powder,silver-powder
415,honey,honey,honey,honey,NULL,NULL,honey,NULL,honey,honey,honey,honey,NULL,NULL,honey,honey,honey,honey,honey,honey,honey,honey
416,poison-barb,poison-barb,poison-barb,poison-barb,NULL,NULL,poison-barb,NULL,poison-barb,poison-barb,poison-barb,poison-barb,NULL,NULL,poison-barb,poison-barb,poison-barb,poison-barb,poison-barb,poison-barb,poison-barb,poison-barb
418,NULL,wacan-berry,NULL,wacan-berry,NULL,NULL,wacan-berry,NULL,NULL,NULL,wacan-berry,wacan-berry,NULL,NULL,wacan-berry,NULL,NULL,NULL,wacan-berry,NULL,NULL,NULL
419,NULL,wacan-berry,NULL,wacan-berry,NULL,NULL,wacan-berry,NULL,NULL,NULL,wacan-berry,wacan-berry,NULL,NULL,wacan-berry,NULL,NULL,NULL,wacan-berry,NULL,NULL,NULL
420,miracle-seed,miracle-seed,miracle-seed,miracle-seed,NULL,NULL,miracle-seed,NULL,miracle-seed,miracle-seed,miracle-seed,miracle-seed,NULL,NULL,miracle-seed,miracle-seed,miracle-seed,miracle-seed,miracle-seed,miracle-seed,miracle-seed,miracle-seed
421,miracle-seed,miracle-seed,miracle-seed,miracle-seed,NULL,NULL,miracle-seed,NULL,miracle-seed,miracle-seed,miracle-seed,miracle-seed,NULL,NULL,miracle-seed,miracle-seed,miracle-seed,miracle-seed,miracle-seed,miracle-seed,miracle-seed,miracle-seed
426,NULL,NULL,air-balloon,NULL,NULL,NULL,NULL,NULL,NULL,NULL,NULL,NULL,NULL,NULL,NULL,NULL,NULL,NULL,NULL,air-balloon,NULL,NULL
427,NULL,chople-berry,pecha-berry,chople-berry,NULL,NULL,chople-berry,NULL,NULL,NULL,chople-berry,chople-berry,NULL,NULL,chople-berry,NULL,NULL,NULL,chople-berry,pecha-berry,NULL,NULL
428,NULL,chople-berry,pecha-berry,chople-berry,NULL,NULL,chople-berry,NULL,NULL,NULL,chople-berry,chople-berry,NULL,NULL,chople-berry,NULL,NULL,NULL,chople-berry,pecha-berry,NULL,NULL
431,NULL,cheri-berry,cheri-berry,cheri-berry,NULL,NULL,cheri-berry,NULL,NULL,NULL,cheri-berry,cheri-berry,NULL,NULL,cheri-berry,NULL,NULL,NULL,cheri-berry,cheri-berry,NULL,NULL
432,NULL,cheri-berry,cheri-berry,cheri-berry,NULL,NULL,cheri-berry,NULL,NULL,NULL,cheri-berry,cheri-berry,NULL,NULL,cheri-berry,NULL,NULL,NULL,cheri-berry,cheri-berry,NULL,NULL
433,cleanse-tag,colbur-berry,colbur-berry,colbur-berry,NULL,NULL,colbur-berry,NULL,cleanse-tag,cleanse-tag,colbur-berry,colbur-berry,NULL,NULL,colbur-berry,cleanse-tag,cleanse-tag,cleanse-tag,colbur-berry,colbur-berry,NULL,NULL
434,NULL,pecha-berry,pecha-berry,pecha-berry,NULL,NULL,pecha-berry,NULL,NULL,NULL,pecha-berry,pecha-berry,NULL,NULL,pecha-berry,NULL,NULL,NULL,pecha-berry,pecha-berry,NULL,NULL
435,NULL,pecha-berry,pecha-berry,pecha-berry,NULL,NULL,pecha-berry,NULL,NULL,NULL,pecha-berry,pecha-berry,NULL,NULL,pecha-berry,NULL,NULL,NULL,pecha-berry,pecha-berry,NULL,NULL
436,metal-coat,metal-coat,metal-coat,metal-coat,NULL,NULL,metal-coat,NULL,metal-coat,metal-coat,metal-coat,metal-coat,NULL,NULL,metal-coat,metal-coat,metal-coat,metal-coat,metal-coat,metal-coat,metal-coat,metal-coat
437,metal-coat,metal-coat,metal-coat,metal-coat,NULL,NULL,metal-coat,NULL,metal-coat,metal-coat,metal-coat,metal-coat,NULL,NULL,metal-coat,metal-coat,metal-coat,metal-coat,metal-coat,metal-coat,metal-coat,metal-coat
439,NULL,leppa-berry,NULL,leppa-berry,NULL,NULL,leppa-berry,NULL,NULL,NULL,leppa-berry,leppa-berry,NULL,NULL,leppa-berry,NULL,NULL,NULL,leppa-berry,NULL,NULL,NULL
440,"lucky-egg, oval-stone","lucky-egg, oval-stone","lucky-egg, oval-stone","lucky-punch, oval-stone",NULL,NULL,"lucky-punch, oval-stone",NULL,oval-stone,"lucky-egg, oval-stone","lucky-punch, oval-stone","lucky-punch, oval-stone",NULL,NULL,"lucky-punch, oval-stone",oval-stone,oval-stone,oval-stone,"lucky-egg, oval-stone","lucky-egg, oval-stone","lucky-egg, oval-stone","lucky-egg, oval-stone"
441,metronome,metronome,metronome,metronome,NULL,NULL,metronome,NULL,metronome,metronome,metronome,metronome,NULL,NULL,metronome,metronome,metronome,metronome,metronome,metronome,metronome,metronome
443,NULL,haban-berry,haban-berry,haban-berry,NULL,NULL,haban-berry,NULL,NULL,NULL,haban-berry,haban-berry,NULL,NULL,haban-berry,NULL,NULL,NULL,haban-berry,haban-berry,NULL,NULL
444,NULL,haban-berry,haban-berry,haban-berry,NULL,NULL,haban-berry,NULL,NULL,NULL,haban-berry,haban-berry,NULL,NULL,haban-berry,NULL,NULL,NULL,haban-berry,haban-berry,NULL,NULL
445,NULL,haban-berry,haban-berry,haban-berry,NULL,NULL,haban-berry,NULL,NULL,NULL,haban-berry,haban-berry,NULL,NULL,haban-berry,NULL,NULL,NULL,haban-berry,haban-berry,NULL,NULL
446,leftovers,leftovers,leftovers,leftovers,NULL,NULL,leftovers,NULL,leftovers,leftovers,leftovers,leftovers,NULL,NULL,leftovers,leftovers,leftovers,leftovers,leftovers,leftovers,leftovers,leftovers
451,poison-barb,poison-barb,poison-barb,poison-barb,NULL,NULL,poison-barb,NULL,poison-barb,poison-barb,poison-barb,poison-barb,NULL,NULL,poison-barb,poison-barb,poison-barb,poison-barb,poison-barb,poison-barb,poison-barb,poison-barb
452,poison-barb,poison-barb,poison-barb,poison-barb,NULL,NULL,poison-barb,NULL,poison-barb,poison-barb,poison-barb,poison-barb,NULL,NULL,poison-barb,poison-barb,poison-barb,poison-barb,poison-barb,poison-barb,poison-barb,poison-barb
453,black-sludge,black-sludge,black-sludge,black-sludge,NULL,NULL,black-sludge,NULL,black-sludge,black-sludge,black-sludge,black-sludge,NULL,NULL,black-sludge,black-sludge,black-sludge,black-sludge,black-sludge,black-sludge,black-sludge,black-sludge
454,black-sludge,black-sludge,black-sludge,black-sludge,NULL,NULL,black-sludge,NULL,black-sludge,black-sludge,black-sludge,black-sludge,NULL,NULL,black-sludge,black-sludge,black-sludge,black-sludge,black-sludge,black-sludge,black-sludge,black-sludge
456,NULL,rindo-berry,rindo-berry,rindo-berry,NULL,NULL,rindo-berry,NULL,NULL,NULL,rindo-berry,rindo-berry,NULL,NULL,rindo-berry,NULL,NULL,NULL,rindo-berry,rindo-berry,NULL,NULL
457,NULL,rindo-berry,rindo-berry,rindo-berry,NULL,NULL,rindo-berry,NULL,NULL,NULL,rindo-berry,rindo-berry,NULL,NULL,rindo-berry,NULL,NULL,NULL,rindo-berry,rindo-berry,NULL,NULL
459,never-melt-ice,never-melt-ice,never-melt-ice,never-melt-ice,NULL,NULL,never-melt-ice,NULL,never-melt-ice,never-melt-ice,never-melt-ice,never-melt-ice,NULL,NULL,never-melt-ice,never-melt-ice,never-melt-ice,never-melt-ice,never-melt-ice,never-melt-ice,never-melt-ice,never-melt-ice
460,never-melt-ice,never-melt-ice,never-melt-ice,never-melt-ice,NULL,NULL,never-melt-ice,NULL,never-melt-ice,never-melt-ice,never-melt-ice,never-melt-ice,NULL,NULL,never-melt-ice,never-melt-ice,never-melt-ice,never-melt-ice,never-melt-ice,never-melt-ice,never-melt-ice,never-melt-ice
461,quick-claw,"grip-claw, quick-claw","grip-claw, quick-claw","grip-claw, quick-claw",NULL,NULL,"grip-claw, quick-claw",NULL,quick-claw,quick-claw,"grip-claw, quick-claw","grip-claw, quick-claw",NULL,NULL,"grip-claw, quick-claw",quick-claw,quick-claw,quick-claw,"grip-claw, quick-claw","grip-claw, quick-claw","grip-claw, quick-claw","grip-claw, quick-claw"
462,metal-coat,metal-coat,metal-coat,metal-coat,NULL,NULL,metal-coat,NULL,metal-coat,metal-coat,metal-coat,metal-coat,NULL,NULL,metal-coat,metal-coat,metal-coat,metal-coat,metal-coat,metal-coat,metal-coat,metal-coat
463,lagging-tail,lagging-tail,lagging-tail,lagging-tail,NULL,NULL,lagging-tail,NULL,lagging-tail,lagging-tail,lagging-tail,lagging-tail,NULL,NULL,lagging-tail,lagging-tail,lagging-tail,lagging-tail,lagging-tail,lagging-tail,lagging-tail,lagging-tail
466,electirizer,electirizer,electirizer,electirizer,NULL,NULL,electirizer,NULL,electirizer,electirizer,electirizer,electirizer,NULL,NULL,electirizer,electirizer,electirizer,electirizer,electirizer,electirizer,electirizer,electirizer
467,magmarizer,magmarizer,magmarizer,magmarizer,NULL,NULL,magmarizer,NULL,magmarizer,magmarizer,magmarizer,magmarizer,NULL,NULL,magmarizer,magmarizer,magmarizer,magmarizer,magmarizer,magmarizer,magmarizer,magmarizer
469,wide-lens,wide-lens,wide-lens,wide-lens,NULL,NULL,wide-lens,NULL,wide-lens,wide-lens,wide-lens,wide-lens,NULL,NULL,wide-lens,wide-lens,wide-lens,wide-lens,wide-lens,wide-lens,wide-lens,wide-lens
476,hard-stone,hard-stone,hard-stone,hard-stone,NULL,NULL,hard-stone,NULL,magnet,hard-stone,hard-stone,hard-stone,NULL,NULL,hard-stone,magnet,magnet,magnet,hard-stone,hard-stone,hard-stone,hard-stone
477,spell-tag,kasib-berry,kasib-berry,kasib-berry,NULL,NULL,kasib-berry,NULL,spell-tag,spell-tag,kasib-berry,kasib-berry,NULL,NULL,kasib-berry,spell-tag,spell-tag,spell-tag,kasib-berry,kasib-berry,NULL,NULL
478,NULL,babiri-berry,babiri-berry,babiri-berry,NULL,NULL,babiri-berry,NULL,NULL,NULL,babiri-berry,babiri-berry,NULL,NULL,babiri-berry,NULL,NULL,NULL,babiri-berry,babiri-berry,NULL,NULL
492,lum-berry,lum-berry,lum-berry,lum-berry,NULL,NULL,lum-berry,NULL,lum-berry,lum-berry,lum-berry,lum-berry,NULL,NULL,lum-berry,lum-berry,lum-berry,lum-berry,lum-berry,lum-berry,lum-berry,lum-berry
511,NULL,"occa-berry, oran-berry","occa-berry, oran-berry",NULL,NULL,NULL,NULL,NULL,NULL,NULL,NULL,NULL,NULL,NULL,NULL,NULL,NULL,NULL,"occa-berry, oran-berry","occa-berry, oran-berry",NULL,NULL
512,NULL,"occa-berry, oran-berry","occa-berry, oran-berry",NULL,NULL,NULL,NULL,NULL,NULL,NULL,NULL,NULL,NULL,NULL,NULL,NULL,NULL,NULL,"occa-berry, oran-berry","occa-berry, oran-berry",NULL,NULL
513,NULL,"oran-berry, passho-berry","oran-berry, passho-berry",NULL,NULL,NULL,NULL,NULL,NULL,NULL,NULL,NULL,NULL,NULL,NULL,NULL,NULL,NULL,"oran-berry, passho-berry","oran-berry, passho-berry",NULL,NULL
514,NULL,"oran-berry, passho-berry","oran-berry, passho-berry",NULL,NULL,NULL,NULL,NULL,NULL,NULL,NULL,NULL,NULL,NULL,NULL,NULL,NULL,NULL,"oran-berry, passho-berry","oran-berry, passho-berry",NULL,NULL
515,NULL,"oran-berry, rindo-berry","oran-berry, rindo-berry",NULL,NULL,NULL,NULL,NULL,NULL,NULL,NULL,NULL,NULL,NULL,NULL,NULL,NULL,NULL,"oran-berry, rindo-berry","oran-berry, rindo-berry",NULL,NULL
516,NULL,"oran-berry, rindo-berry","oran-berry, rindo-berry",NULL,NULL,NULL,NULL,NULL,NULL,NULL,NULL,NULL,NULL,NULL,NULL,NULL,NULL,NULL,"oran-berry, rindo-berry","oran-berry, rindo-berry",NULL,NULL
522,NULL,cheri-berry,cheri-berry,NULL,NULL,NULL,NULL,NULL,NULL,NULL,NULL,NULL,NULL,NULL,NULL,NULL,NULL,NULL,cheri-berry,cheri-berry,NULL,NULL
523,NULL,cheri-berry,cheri-berry,NULL,NULL,NULL,NULL,NULL,NULL,NULL,NULL,NULL,NULL,NULL,NULL,NULL,NULL,NULL,cheri-berry,cheri-berry,NULL,NULL
524,"everstone, hard-stone","everstone, hard-stone","everstone, hard-stone",NULL,NULL,NULL,NULL,NULL,"everstone, hard-stone","everstone, hard-stone",NULL,NULL,NULL,NULL,NULL,"everstone, hard-stone","everstone, hard-stone","everstone, hard-stone","everstone, hard-stone","everstone, hard-stone","everstone, hard-stone","everstone, hard-stone"
525,"everstone, hard-stone","everstone, hard-stone","everstone, hard-stone",NULL,NULL,NULL,NULL,NULL,"everstone, hard-stone","everstone, hard-stone",NULL,NULL,NULL,NULL,NULL,"everstone, hard-stone","everstone, hard-stone","everstone, hard-stone","everstone, hard-stone","everstone, hard-stone","everstone, hard-stone","everstone, hard-stone"
526,"everstone, hard-stone","everstone, hard-stone","everstone, hard-stone",NULL,NULL,NULL,NULL,NULL,"everstone, hard-stone","everstone, hard-stone",NULL,NULL,NULL,NULL,NULL,"everstone, hard-stone","everstone, hard-stone","everstone, hard-stone","everstone, hard-stone","everstone, hard-stone","everstone, hard-stone","everstone, hard-stone"
531,"oran-berry, sitrus-berry","oran-berry, sitrus-berry","oran-berry, sitrus-berry",NULL,NULL,NULL,NULL,NULL,"oran-berry, sitrus-berry","oran-berry, sitrus-berry",NULL,NULL,NULL,NULL,NULL,"oran-berry, sitrus-berry","oran-berry, sitrus-berry","oran-berry, sitrus-berry","oran-berry, sitrus-berry","oran-berry, sitrus-berry","oran-berry, sitrus-berry","oran-berry, sitrus-berry"
535,NULL,persim-berry,pecha-berry,NULL,NULL,NULL,NULL,NULL,NULL,NULL,NULL,NULL,NULL,NULL,NULL,NULL,NULL,NULL,persim-berry,pecha-berry,NULL,NULL
536,NULL,persim-berry,pecha-berry,NULL,NULL,NULL,NULL,NULL,NULL,NULL,NULL,NULL,NULL,NULL,NULL,NULL,NULL,NULL,persim-berry,pecha-berry,NULL,NULL
537,NULL,persim-berry,pecha-berry,NULL,NULL,NULL,NULL,NULL,NULL,NULL,NULL,NULL,NULL,NULL,NULL,NULL,NULL,NULL,persim-berry,pecha-berry,NULL,NULL
538,black-belt,"black-belt, expert-belt","black-belt, expert-belt",NULL,NULL,NULL,NULL,NULL,black-belt,black-belt,NULL,NULL,NULL,NULL,NULL,black-belt,black-belt,black-belt,"black-belt, expert-belt","black-belt, expert-belt",black-belt,black-belt
539,black-belt,"black-belt, expert-belt","black-belt, expert-belt",NULL,NULL,NULL,NULL,NULL,black-belt,black-belt,NULL,NULL,NULL,NULL,NULL,black-belt,black-belt,black-belt,"black-belt, expert-belt","black-belt, expert-belt",black-belt,black-belt
540,mental-herb,mental-herb,mental-herb,NULL,NULL,NULL,NULL,NULL,mental-herb,mental-herb,NULL,NULL,NULL,NULL,NULL,mental-herb,mental-herb,mental-herb,mental-herb,mental-herb,mental-herb,mental-herb
541,mental-herb,mental-herb,mental-herb,NULL,NULL,NULL,NULL,NULL,mental-herb,mental-herb,NULL,NULL,NULL,NULL,NULL,mental-herb,mental-herb,mental-herb,mental-herb,mental-herb,mental-herb,mental-herb
542,mental-herb,mental-herb,mental-herb,NULL,NULL,NULL,NULL,NULL,mental-herb,mental-herb,NULL,NULL,NULL,NULL,NULL,mental-herb,mental-herb,mental-herb,mental-herb,mental-herb,mental-herb,mental-herb
543,poison-barb,"pecha-berry, poison-barb",poison-barb,NULL,NULL,NULL,NULL,NULL,poison-barb,poison-barb,NULL,NULL,NULL,NULL,NULL,poison-barb,poison-barb,poison-barb,"pecha-berry, poison-barb",poison-barb,poison-barb,poison-barb
544,poison-barb,"pecha-berry, poison-barb",poison-barb,NULL,NULL,NULL,NULL,NULL,poison-barb,poison-barb,NULL,NULL,NULL,NULL,NULL,poison-barb,poison-barb,poison-barb,"pecha-berry, poison-barb",poison-barb,poison-barb,poison-barb
545,poison-barb,"pecha-berry, poison-barb",poison-barb,NULL,NULL,NULL,NULL,NULL,poison-barb,poison-barb,NULL,NULL,NULL,NULL,NULL,poison-barb,poison-barb,poison-barb,"pecha-berry, poison-barb",poison-barb,poison-barb,poison-barb
546,NULL,NULL,NULL,NULL,NULL,NULL,NULL,NULL,absorb-bulb,NULL,NULL,NULL,NULL,NULL,NULL,absorb-bulb,absorb-bulb,absorb-bulb,NULL,NULL,NULL,NULL
547,NULL,NULL,NULL,NULL,NULL,NULL,NULL,NULL,absorb-bulb,NULL,NULL,NULL,NULL,NULL,NULL,absorb-bulb,absorb-bulb,absorb-bulb,NULL,NULL,NULL,NULL
548,NULL,NULL,NULL,NULL,NULL,NULL,NULL,NULL,absorb-bulb,NULL,NULL,NULL,NULL,NULL,NULL,absorb-bulb,absorb-bulb,absorb-bulb,NULL,NULL,NULL,NULL
549,NULL,NULL,NULL,NULL,NULL,NULL,NULL,NULL,absorb-bulb,NULL,NULL,NULL,NULL,NULL,NULL,absorb-bulb,absorb-bulb,absorb-bulb,NULL,NULL,NULL,NULL
550,deep-sea-tooth,deep-sea-tooth,deep-sea-tooth,NULL,NULL,NULL,NULL,NULL,deep-sea-tooth,deep-sea-tooth,NULL,NULL,NULL,NULL,NULL,deep-sea-tooth,deep-sea-tooth,deep-sea-tooth,deep-sea-tooth,deep-sea-tooth,deep-sea-tooth,deep-sea-tooth
551,NULL,NULL,NULL,NULL,NULL,NULL,NULL,NULL,black-glasses,NULL,NULL,NULL,NULL,NULL,NULL,black-glasses,black-glasses,black-glasses,NULL,NULL,NULL,NULL
552,NULL,NULL,NULL,NULL,NULL,NULL,NULL,NULL,black-glasses,NULL,NULL,NULL,NULL,NULL,NULL,black-glasses,black-glasses,black-glasses,NULL,NULL,NULL,NULL
553,NULL,NULL,NULL,NULL,NULL,NULL,NULL,NULL,black-glasses,NULL,NULL,NULL,NULL,NULL,NULL,black-glasses,black-glasses,black-glasses,NULL,NULL,NULL,NULL
554,NULL,rawst-berry,rawst-berry,NULL,NULL,NULL,NULL,NULL,NULL,NULL,NULL,NULL,NULL,NULL,NULL,NULL,NULL,NULL,rawst-berry,rawst-berry,NULL,NULL
555,NULL,rawst-berry,rawst-berry,NULL,NULL,NULL,NULL,NULL,NULL,NULL,NULL,NULL,NULL,NULL,NULL,NULL,NULL,NULL,rawst-berry,rawst-berry,NULL,NULL
556,miracle-seed,miracle-seed,miracle-seed,NULL,NULL,NULL,NULL,NULL,miracle-seed,miracle-seed,NULL,NULL,NULL,NULL,NULL,miracle-seed,miracle-seed,miracle-seed,miracle-seed,miracle-seed,miracle-seed,miracle-seed
557,hard-stone,"hard-stone, rare-bone","hard-stone, rare-bone",NULL,NULL,NULL,NULL,NULL,hard-stone,hard-stone,NULL,NULL,NULL,NULL,NULL,hard-stone,hard-stone,hard-stone,"hard-stone, rare-bone","hard-stone, rare-bone",hard-stone,hard-stone
558,hard-stone,"hard-stone, rare-bone","hard-stone, rare-bone",NULL,NULL,NULL,NULL,NULL,hard-stone,hard-stone,NULL,NULL,NULL,NULL,NULL,hard-stone,hard-stone,hard-stone,"hard-stone, rare-bone","hard-stone, rare-bone",hard-stone,hard-stone
559,shed-shell,shed-shell,shed-shell,NULL,NULL,NULL,NULL,NULL,shed-shell,shed-shell,NULL,NULL,NULL,NULL,NULL,shed-shell,shed-shell,shed-shell,shed-shell,shed-shell,shed-shell,shed-shell
560,shed-shell,shed-shell,shed-shell,NULL,NULL,NULL,NULL,NULL,shed-shell,shed-shell,NULL,NULL,NULL,NULL,NULL,shed-shell,shed-shell,shed-shell,shed-shell,shed-shell,shed-shell,shed-shell
562,spell-tag,spell-tag,spell-tag,NULL,NULL,NULL,NULL,NULL,spell-tag,spell-tag,NULL,NULL,NULL,NULL,NULL,spell-tag,spell-tag,spell-tag,spell-tag,spell-tag,spell-tag,spell-tag
563,spell-tag,spell-tag,spell-tag,NULL,NULL,NULL,NULL,NULL,spell-tag,spell-tag,NULL,NULL,NULL,NULL,NULL,spell-tag,spell-tag,spell-tag,spell-tag,spell-tag,spell-tag,spell-tag
568,black-sludge,"black-sludge, nugget","black-sludge, nugget",NULL,NULL,NULL,NULL,NULL,silk-scarf,black-sludge,NULL,NULL,NULL,NULL,NULL,silk-scarf,silk-scarf,silk-scarf,"black-sludge, nugget","black-sludge, nugget",black-sludge,black-sludge
569,"black-sludge, nugget","big-nugget, black-sludge, nugget","big-nugget, black-sludge, nugget",NULL,NULL,NULL,NULL,NULL,"black-sludge, silk-scarf","black-sludge, nugget",NULL,NULL,NULL,NULL,NULL,"black-sludge, silk-scarf","black-sludge, silk-scarf","black-sludge, silk-scarf","big-nugget, black-sludge, nugget","big-nugget, black-sludge, nugget","black-sludge, nugget","black-sludge, nugget"
572,NULL,chesto-berry,chesto-berry,NULL,NULL,NULL,NULL,NULL,NULL,NULL,NULL,NULL,NULL,NULL,NULL,NULL,NULL,NULL,chesto-berry,chesto-berry,NULL,NULL
573,NULL,chesto-berry,chesto-berry,NULL,NULL,NULL,NULL,NULL,NULL,NULL,NULL,NULL,NULL,NULL,NULL,NULL,NULL,NULL,chesto-berry,chesto-berry,NULL,NULL
574,NULL,NULL,persim-berry,NULL,NULL,NULL,NULL,NULL,NULL,NULL,NULL,NULL,NULL,NULL,NULL,NULL,NULL,NULL,NULL,persim-berry,NULL,NULL
575,NULL,NULL,persim-berry,NULL,NULL,NULL,NULL,NULL,NULL,NULL,NULL,NULL,NULL,NULL,NULL,NULL,NULL,NULL,NULL,persim-berry,NULL,NULL
576,NULL,NULL,persim-berry,NULL,NULL,NULL,NULL,NULL,NULL,NULL,NULL,NULL,NULL,NULL,NULL,NULL,NULL,NULL,NULL,persim-berry,NULL,NULL
577,NULL,NULL,persim-berry,NULL,NULL,NULL,NULL,NULL,NULL,NULL,NULL,NULL,NULL,NULL,NULL,NULL,NULL,NULL,NULL,persim-berry,NULL,NULL
578,NULL,NULL,persim-berry,NULL,NULL,NULL,NULL,NULL,NULL,NULL,NULL,NULL,NULL,NULL,NULL,NULL,NULL,NULL,NULL,persim-berry,NULL,NULL
579,NULL,NULL,persim-berry,NULL,NULL,NULL,NULL,NULL,NULL,NULL,NULL,NULL,NULL,NULL,NULL,NULL,NULL,NULL,NULL,persim-berry,NULL,NULL
582,NULL,NULL,NULL,NULL,NULL,NULL,NULL,NULL,never-melt-ice,NULL,NULL,NULL,NULL,NULL,NULL,never-melt-ice,never-melt-ice,never-melt-ice,NULL,NULL,NULL,NULL
583,NULL,NULL,NULL,NULL,NULL,NULL,NULL,NULL,never-melt-ice,NULL,NULL,NULL,NULL,NULL,NULL,never-melt-ice,never-melt-ice,never-melt-ice,NULL,NULL,NULL,NULL
584,NULL,NULL,NULL,NULL,NULL,NULL,NULL,NULL,never-melt-ice,NULL,NULL,NULL,NULL,NULL,NULL,never-melt-ice,never-melt-ice,never-melt-ice,NULL,NULL,NULL,NULL
587,NULL,cheri-berry,cheri-berry,NULL,NULL,NULL,NULL,NULL,NULL,NULL,NULL,NULL,NULL,NULL,NULL,NULL,NULL,NULL,cheri-berry,cheri-berry,NULL,NULL
590,"big-mushroom, tiny-mushroom","balm-mushroom, big-mushroom, tiny-mushroom","balm-mushroom, big-mushroom, tiny-mushroom",NULL,NULL,NULL,NULL,NULL,"big-mushroom, tiny-mushroom","big-mushroom, tiny-mushroom",NULL,NULL,NULL,NULL,NULL,"big-mushroom, tiny-mushroom","big-mushroom, tiny-mushroom","big-mushroom, tiny-mushroom","balm-mushroom, big-mushroom, tiny-mushroom","balm-mushroom, big-mushroom, tiny-mushroom","big-mushroom, tiny-mushroom","big-mushroom, tiny-mushroom"
591,"big-mushroom, tiny-mushroom","balm-mushroom, big-mushroom, tiny-mushroom","balm-mushroom, big-mushroom, tiny-mushroom",NULL,NULL,NULL,NULL,NULL,"big-mushroom, tiny-mushroom","big-mushroom, tiny-mushroom",NULL,NULL,NULL,NULL,NULL,"big-mushroom, tiny-mushroom","big-mushroom, tiny-mushroom","big-mushroom, tiny-mushroom","balm-mushroom, big-mushroom, tiny-mushroom","balm-mushroom, big-mushroom, tiny-mushroom","big-mushroom, tiny-mushroom","big-mushroom, tiny-mushroom"
597,sticky-barb,sticky-barb,sticky-barb,NULL,NULL,NULL,NULL,NULL,sticky-barb,sticky-barb,NULL,NULL,NULL,NULL,NULL,sticky-barb,sticky-barb,sticky-barb,sticky-barb,sticky-barb,sticky-barb,sticky-barb
598,sticky-barb,sticky-barb,sticky-barb,NULL,NULL,NULL,NULL,NULL,sticky-barb,sticky-barb,NULL,NULL,NULL,NULL,NULL,sticky-barb,sticky-barb,sticky-barb,sticky-barb,sticky-barb,sticky-barb,sticky-barb
613,NULL,aspear-berry,aspear-berry,NULL,NULL,NULL,NULL,NULL,NULL,NULL,NULL,NULL,NULL,NULL,NULL,NULL,NULL,NULL,aspear-berry,aspear-berry,NULL,NULL
614,NULL,aspear-berry,aspear-berry,NULL,NULL,NULL,NULL,NULL,NULL,NULL,NULL,NULL,NULL,NULL,NULL,NULL,NULL,NULL,aspear-berry,aspear-berry,NULL,NULL
615,never-melt-ice,never-melt-ice,never-melt-ice,NULL,NULL,NULL,NULL,NULL,never-melt-ice,never-melt-ice,NULL,NULL,NULL,NULL,NULL,never-melt-ice,never-melt-ice,never-melt-ice,never-melt-ice,never-melt-ice,never-melt-ice,never-melt-ice
618,soft-sand,soft-sand,soft-sand,NULL,NULL,NULL,NULL,NULL,soft-sand,soft-sand,NULL,NULL,NULL,NULL,NULL,soft-sand,soft-sand,soft-sand,soft-sand,soft-sand,soft-sand,soft-sand
621,dragon-fang,dragon-fang,dragon-fang,NULL,NULL,NULL,NULL,NULL,dragon-fang,dragon-fang,NULL,NULL,NULL,NULL,NULL,dragon-fang,dragon-fang,dragon-fang,dragon-fang,dragon-fang,dragon-fang,dragon-fang
622,light-clay,light-clay,light-clay,NULL,NULL,NULL,NULL,NULL,light-clay,light-clay,NULL,NULL,NULL,NULL,NULL,light-clay,light-clay,light-clay,light-clay,light-clay,light-clay,light-clay
623,light-clay,light-clay,light-clay,NULL,NULL,NULL,NULL,NULL,light-clay,light-clay,NULL,NULL,NULL,NULL,NULL,light-clay,light-clay,light-clay,light-clay,light-clay,light-clay,light-clay
631,NULL,NULL,flame-orb,NULL,NULL,NULL,NULL,NULL,NULL,NULL,NULL,NULL,NULL,NULL,NULL,NULL,NULL,NULL,NULL,flame-orb,NULL,NULL
637,silver-powder,silver-powder,silver-powder,NULL,NULL,NULL,NULL,NULL,silver-powder,silver-powder,NULL,NULL,NULL,NULL,NULL,silver-powder,silver-powder,silver-powder,silver-powder,silver-powder,silver-powder,silver-powder
648,star-piece,star-piece,star-piece,NULL,NULL,NULL,NULL,NULL,star-piece,star-piece,NULL,NULL,NULL,NULL,NULL,star-piece,star-piece,star-piece,star-piece,star-piece,star-piece,star-piece
674,mental-herb,NULL,NULL,NULL,NULL,NULL,NULL,NULL,mental-herb,mental-herb,NULL,NULL,NULL,NULL,NULL,mental-herb,mental-herb,mental-herb,NULL,NULL,mental-herb,mental-herb
675,mental-herb,NULL,NULL,NULL,NULL,NULL,NULL,NULL,mental-herb,mental-herb,NULL,NULL,NULL,NULL,NULL,mental-herb,mental-herb,mental-herb,NULL,NULL,mental-herb,mental-herb
701,kings-rock,NULL,NULL,NULL,NULL,NULL,NULL,NULL,kings-rock,kings-rock,NULL,NULL,NULL,NULL,NULL,kings-rock,kings-rock,kings-rock,NULL,NULL,kings-rock,kings-rock
704,NULL,NULL,NULL,NULL,NULL,NULL,NULL,NULL,shed-shell,NULL,NULL,NULL,NULL,NULL,NULL,shed-shell,shed-shell,shed-shell,NULL,NULL,NULL,NULL
705,NULL,NULL,NULL,NULL,NULL,NULL,NULL,NULL,shed-shell,NULL,NULL,NULL,NULL,NULL,NULL,shed-shell,shed-shell,shed-shell,NULL,NULL,NULL,NULL
731,NULL,NULL,NULL,NULL,NULL,NULL,NULL,NULL,oran-berry,NULL,NULL,NULL,NULL,NULL,NULL,oran-berry,oran-berry,oran-berry,NULL,NULL,NULL,NULL
732,NULL,NULL,NULL,NULL,NULL,NULL,NULL,NULL,sitrus-berry,NULL,NULL,NULL,NULL,NULL,NULL,sitrus-berry,sitrus-berry,sitrus-berry,NULL,NULL,NULL,NULL
733,NULL,NULL,NULL,NULL,NULL,NULL,NULL,NULL,rawst-berry,NULL,NULL,NULL,NULL,NULL,NULL,rawst-berry,rawst-berry,rawst-berry,NULL,NULL,NULL,NULL
734,NULL,NULL,NULL,NULL,NULL,NULL,NULL,NULL,pecha-berry,NULL,NULL,NULL,NULL,NULL,NULL,pecha-berry,pecha-berry,pecha-berry,NULL,NULL,NULL,NULL
735,NULL,NULL,NULL,NULL,NULL,NULL,NULL,NULL,pecha-berry,NULL,NULL,NULL,NULL,NULL,NULL,pecha-berry,pecha-berry,pecha-berry,NULL,NULL,NULL,NULL
737,NULL,NULL,NULL,NULL,NULL,NULL,NULL,NULL,cell-battery,NULL,NULL,NULL,NULL,NULL,NULL,cell-battery,cell-battery,cell-battery,NULL,NULL,NULL,NULL
739,NULL,NULL,NULL,NULL,NULL,NULL,NULL,NULL,aspear-berry,NULL,NULL,NULL,NULL,NULL,NULL,aspear-berry,aspear-berry,aspear-berry,NULL,NULL,NULL,NULL
740,NULL,NULL,NULL,NULL,NULL,NULL,NULL,NULL,cheri-berry,NULL,NULL,NULL,NULL,NULL,NULL,cheri-berry,cheri-berry,cheri-berry,NULL,NULL,NULL,NULL
741,NULL,NULL,NULL,NULL,NULL,NULL,NULL,NULL,honey,NULL,NULL,NULL,NULL,NULL,NULL,honey,honey,honey,NULL,NULL,NULL,NULL
742,NULL,NULL,NULL,NULL,NULL,NULL,NULL,NULL,honey,NULL,NULL,NULL,NULL,NULL,NULL,honey,honey,honey,NULL,NULL,NULL,NULL
743,NULL,NULL,NULL,NULL,NULL,NULL,NULL,NULL,honey,NULL,NULL,NULL,NULL,NULL,NULL,honey,honey,honey,NULL,NULL,NULL,NULL
747,NULL,NULL,NULL,NULL,NULL,NULL,NULL,NULL,poison-barb,NULL,NULL,NULL,NULL,NULL,NULL,poison-barb,poison-barb,poison-barb,NULL,NULL,NULL,NULL
748,NULL,NULL,NULL,NULL,NULL,NULL,NULL,NULL,poison-barb,NULL,NULL,NULL,NULL,NULL,NULL,poison-barb,poison-barb,poison-barb,NULL,NULL,NULL,NULL
749,NULL,NULL,NULL,NULL,NULL,NULL,NULL,NULL,light-clay,NULL,NULL,NULL,NULL,NULL,NULL,light-clay,light-clay,light-clay,NULL,NULL,NULL,NULL
750,NULL,NULL,NULL,NULL,NULL,NULL,NULL,NULL,light-clay,NULL,NULL,NULL,NULL,NULL,NULL,light-clay,light-clay,light-clay,NULL,NULL,NULL,NULL
751,NULL,NULL,NULL,NULL,NULL,NULL,NULL,NULL,mystic-water,NULL,NULL,NULL,NULL,NULL,NULL,mystic-water,mystic-water,mystic-water,NULL,NULL,NULL,NULL
752,NULL,NULL,NULL,NULL,NULL,NULL,NULL,NULL,mystic-water,NULL,NULL,NULL,NULL,NULL,NULL,mystic-water,mystic-water,mystic-water,NULL,NULL,NULL,NULL
753,NULL,NULL,NULL,NULL,NULL,NULL,NULL,NULL,miracle-seed,NULL,NULL,NULL,NULL,NULL,NULL,miracle-seed,miracle-seed,miracle-seed,NULL,NULL,NULL,NULL
754,NULL,NULL,NULL,NULL,NULL,NULL,NULL,NULL,miracle-seed,NULL,NULL,NULL,NULL,NULL,NULL,miracle-seed,miracle-seed,miracle-seed,NULL,NULL,NULL,NULL
755,NULL,NULL,NULL,NULL,NULL,NULL,NULL,NULL,"big-mushroom, tiny-mushroom",NULL,NULL,NULL,NULL,NULL,NULL,"big-mushroom, tiny-mushroom","big-mushroom, tiny-mushroom","big-mushroom, tiny-mushroom",NULL,NULL,NULL,NULL
756,NULL,NULL,NULL,NULL,NULL,NULL,NULL,NULL,"big-mushroom, tiny-mushroom",NULL,NULL,NULL,NULL,NULL,NULL,"big-mushroom, tiny-mushroom","big-mushroom, tiny-mushroom","big-mushroom, tiny-mushroom",NULL,NULL,NULL,NULL
757,NULL,NULL,NULL,NULL,NULL,NULL,NULL,NULL,smoke-ball,NULL,NULL,NULL,NULL,NULL,NULL,smoke-ball,smoke-ball,smoke-ball,NULL,NULL,NULL,NULL
758,NULL,NULL,NULL,NULL,NULL,NULL,NULL,NULL,smoke-ball,NULL,NULL,NULL,NULL,NULL,NULL,smoke-ball,smoke-ball,smoke-ball,NULL,NULL,NULL,NULL
761,NULL,NULL,NULL,NULL,NULL,NULL,NULL,NULL,grassy-seed,NULL,NULL,NULL,NULL,NULL,NULL,grassy-seed,grassy-seed,grassy-seed,NULL,NULL,NULL,NULL
762,NULL,NULL,NULL,NULL,NULL,NULL,NULL,NULL,grassy-seed,NULL,NULL,NULL,NULL,NULL,NULL,grassy-seed,grassy-seed,grassy-seed,NULL,NULL,NULL,NULL
763,NULL,NULL,NULL,NULL,NULL,NULL,NULL,NULL,grassy-seed,NULL,NULL,NULL,NULL,NULL,NULL,grassy-seed,grassy-seed,grassy-seed,NULL,NULL,NULL,NULL
764,NULL,NULL,NULL,NULL,NULL,NULL,NULL,NULL,misty-seed,NULL,NULL,NULL,NULL,NULL,NULL,misty-seed,misty-seed,misty-seed,NULL,NULL,NULL,NULL
769,NULL,NULL,NULL,NULL,NULL,NULL,NULL,NULL,spell-tag,NULL,NULL,NULL,NULL,NULL,NULL,spell-tag,spell-tag,spell-tag,NULL,NULL,NULL,NULL
770,NULL,NULL,NULL,NULL,NULL,NULL,NULL,NULL,spell-tag,NULL,NULL,NULL,NULL,NULL,NULL,spell-tag,spell-tag,spell-tag,NULL,NULL,NULL,NULL
774,NULL,NULL,NULL,NULL,NULL,NULL,NULL,NULL,star-piece,NULL,NULL,NULL,NULL,NULL,NULL,star-piece,star-piece,star-piece,NULL,NULL,NULL,NULL
776,NULL,NULL,NULL,NULL,NULL,NULL,NULL,NULL,charcoal,NULL,NULL,NULL,NULL,NULL,NULL,charcoal,charcoal,charcoal,NULL,NULL,NULL,NULL
777,NULL,NULL,NULL,NULL,NULL,NULL,NULL,NULL,electric-seed,NULL,NULL,NULL,NULL,NULL,NULL,electric-seed,electric-seed,electric-seed,NULL,NULL,NULL,NULL
778,NULL,NULL,NULL,NULL,NULL,NULL,NULL,NULL,chesto-berry,NULL,NULL,NULL,NULL,NULL,NULL,chesto-berry,chesto-berry,chesto-berry,NULL,NULL,NULL,NULL
779,NULL,NULL,NULL,NULL,NULL,NULL,NULL,NULL,razor-fang,NULL,NULL,NULL,NULL,NULL,NULL,razor-fang,razor-fang,razor-fang,NULL,NULL,NULL,NULL
780,NULL,NULL,NULL,NULL,NULL,NULL,NULL,NULL,persim-berry,NULL,NULL,NULL,NULL,NULL,NULL,persim-berry,persim-berry,persim-berry,NULL,NULL,NULL,NULL
782,NULL,NULL,NULL,NULL,NULL,NULL,NULL,NULL,razor-claw,NULL,NULL,NULL,NULL,NULL,NULL,razor-claw,razor-claw,razor-claw,NULL,NULL,NULL,NULL
783,NULL,NULL,NULL,NULL,NULL,NULL,NULL,NULL,razor-claw,NULL,NULL,NULL,NULL,NULL,NULL,razor-claw,razor-claw,razor-claw,NULL,NULL,NULL,NULL
784,NULL,NULL,NULL,NULL,NULL,NULL,NULL,NULL,razor-claw,NULL,NULL,NULL,NULL,NULL,NULL,razor-claw,razor-claw,razor-claw,NULL,NULL,NULL,NULL
10091,NULL,NULL,NULL,NULL,NULL,NULL,NULL,NULL,pecha-berry,NULL,NULL,NULL,NULL,NULL,NULL,pecha-berry,pecha-berry,pecha-berry,NULL,NULL,NULL,NULL
10092,NULL,NULL,NULL,NULL,NULL,NULL,NULL,NULL,pecha-berry,NULL,NULL,NULL,NULL,NULL,NULL,pecha-berry,pecha-berry,pecha-berry,NULL,NULL,NULL,NULL
10093,NULL,NULL,NULL,NULL,NULL,NULL,NULL,NULL,pecha-berry,NULL,NULL,NULL,NULL,NULL,NULL,pecha-berry,pecha-berry,pecha-berry,NULL,NULL,NULL,NULL
10101,NULL,NULL,NULL,NULL,NULL,NULL,NULL,NULL,grip-claw,NULL,NULL,NULL,NULL,NULL,NULL,grip-claw,grip-claw,grip-claw,NULL,NULL,NULL,NULL
10102,NULL,NULL,NULL,NULL,NULL,NULL,NULL,NULL,grip-claw,NULL,NULL,NULL,NULL,NULL,NULL,grip-claw,grip-claw,grip-claw,NULL,NULL,NULL,NULL
10103,NULL,NULL,NULL,NULL,NULL,NULL,NULL,NULL,snowball,NULL,NULL,NULL,NULL,NULL,NULL,snowball,snowball,snowball,NULL,NULL,NULL,NULL
10104,NULL,NULL,NULL,NULL,NULL,NULL,NULL,NULL,snowball,NULL,NULL,NULL,NULL,NULL,NULL,snowball,snowball,snowball,NULL,NULL,NULL,NULL
10105,NULL,NULL,NULL,NULL,NULL,NULL,NULL,NULL,soft-sand,NULL,NULL,NULL,NULL,NULL,NULL,soft-sand,soft-sand,soft-sand,NULL,NULL,NULL,NULL
10106,NULL,NULL,NULL,NULL,NULL,NULL,NULL,NULL,soft-sand,NULL,NULL,NULL,NULL,NULL,NULL,soft-sand,soft-sand,soft-sand,NULL,NULL,NULL,NULL
10107,NULL,NULL,NULL,NULL,NULL,NULL,NULL,NULL,quick-claw,NULL,NULL,NULL,NULL,NULL,NULL,quick-claw,quick-claw,quick-claw,NULL,NULL,NULL,NULL
10108,NULL,NULL,NULL,NULL,NULL,NULL,NULL,NULL,quick-claw,NULL,NULL,NULL,NULL,NULL,NULL,quick-claw,quick-claw,quick-claw,NULL,NULL,NULL,NULL
10109,NULL,NULL,NULL,NULL,NULL,NULL,NULL,NULL,cell-battery,NULL,NULL,NULL,NULL,NULL,NULL,cell-battery,cell-battery,cell-battery,NULL,NULL,NULL,NULL
10110,NULL,NULL,NULL,NULL,NULL,NULL,NULL,NULL,cell-battery,NULL,NULL,NULL,NULL,NULL,NULL,cell-battery,cell-battery,cell-battery,NULL,NULL,NULL,NULL
10111,NULL,NULL,NULL,NULL,NULL,NULL,NULL,NULL,cell-battery,NULL,NULL,NULL,NULL,NULL,NULL,cell-battery,cell-battery,cell-battery,NULL,NULL,NULL,NULL
10112,NULL,NULL,NULL,NULL,NULL,NULL,NULL,NULL,black-sludge,NULL,NULL,NULL,NULL,NULL,NULL,black-sludge,black-sludge,black-sludge,NULL,NULL,NULL,NULL
10113,NULL,NULL,NULL,NULL,NULL,NULL,NULL,NULL,black-sludge,NULL,NULL,NULL,NULL,NULL,NULL,black-sludge,black-sludge,black-sludge,NULL,NULL,NULL,NULL
10115,NULL,NULL,NULL,NULL,NULL,NULL,NULL,NULL,thick-club,NULL,NULL,NULL,NULL,NULL,NULL,thick-club,thick-club,thick-club,NULL,NULL,NULL,NULL
