"unique_id","pokemon_id","type","name","is_legendary","is_mythical","evolves_from_species","evolution_chain_id","generation"
1,1,"grass","bulbasaur",False,False,NULL,"1",1
2,2,"grass","ivysaur",False,False,"bulbasaur","1",1
3,3,"grass","venusaur",False,False,"ivysaur","1",1
4,4,"fire","charmander",False,False,NULL,"2",1
5,5,"fire","charmeleon",False,False,"charmander","2",1
6,6,"fire","charizard",False,False,"charmeleon","2",1
7,7,"water","squirtle",False,False,NULL,"3",1
8,8,"water","wartortle",False,False,"squirtle","3",1
9,9,"water","blastoise",False,False,"wartortle","3",1
10,10,"bug","caterpie",False,False,NULL,"4",1
11,11,"bug","metapod",False,False,"caterpie","4",1
12,12,"bug","butterfree",False,False,"metapod","4",1
13,13,"bug","weedle",False,False,NULL,"5",1
14,14,"bug","kakuna",False,False,"weedle","5",1
15,15,"bug","beedrill",False,False,"kakuna","5",1
16,16,"normal","pidgey",False,False,NULL,"6",1
17,17,"normal","pidgeotto",False,False,"pidgey","6",1
18,18,"normal","pidgeot",False,False,"pidgeotto","6",1
19,19,"normal","rattata",False,False,NULL,"7",1
20,20,"normal","raticate",False,False,"rattata","7",1
21,21,"normal","spearow",False,False,NULL,"8",1
22,22,"normal","fearow",False,False,"spearow","8",1
23,23,"poison","ekans",False,False,NULL,"9",1
24,24,"poison","arbok",False,False,"ekans","9",1
25,25,"electric","pikachu",False,False,"pichu","10",1
26,26,"electric","raichu",False,False,"pikachu","10",1
27,27,"ground","sandshrew",False,False,NULL,"11",1
28,28,"ground","sandslash",False,False,"sandshrew","11",1
29,29,"poison","nidoran-f",False,False,NULL,"12",1
30,30,"poison","nidorina",False,False,"nidoran-f","12",1
31,31,"poison","nidoqueen",False,False,"nidorina","12",1
32,32,"poison","nidoran-m",False,False,NULL,"13",1
33,33,"poison","nidorino",False,False,"nidoran-m","13",1
34,34,"poison","nidoking",False,False,"nidorino","13",1
35,35,"fairy","clefairy",False,False,"cleffa","14",1
36,36,"fairy","clefable",False,False,"clefairy","14",1
37,37,"fire","vulpix",False,False,NULL,"15",1
38,38,"fire","ninetales",False,False,"vulpix","15",1
39,39,"normal","jigglypuff",False,False,"igglybuff","16",1
40,40,"normal","wigglytuff",False,False,"jigglypuff","16",1
41,41,"poison","zubat",False,False,NULL,"17",1
42,42,"poison","golbat",False,False,"zubat","17",1
43,43,"grass","oddish",False,False,NULL,"18",1
44,44,"grass","gloom",False,False,"oddish","18",1
45,45,"grass","vileplume",False,False,"gloom","18",1
46,46,"bug","paras",False,False,NULL,"19",1
47,47,"bug","parasect",False,False,"paras","19",1
48,48,"bug","venonat",False,False,NULL,"20",1
49,49,"bug","venomoth",False,False,"venonat","20",1
50,50,"ground","diglett",False,False,NULL,"21",1
51,51,"ground","dugtrio",False,False,"diglett","21",1
52,52,"normal","meowth",False,False,NULL,"22",1
53,53,"normal","persian",False,False,"meowth","22",1
54,54,"water","psyduck",False,False,NULL,"23",1
55,55,"water","golduck",False,False,"psyduck","23",1
56,56,"fighting","mankey",False,False,NULL,"24",1
57,57,"fighting","primeape",False,False,"mankey","24",1
58,58,"fire","growlithe",False,False,NULL,"25",1
59,59,"fire","arcanine",False,False,"growlithe","25",1
60,60,"water","poliwag",False,False,NULL,"26",1
61,61,"water","poliwhirl",False,False,"poliwag","26",1
62,62,"water","poliwrath",False,False,"poliwhirl","26",1
63,63,"psychic","abra",False,False,NULL,"27",1
64,64,"psychic","kadabra",False,False,"abra","27",1
65,65,"psychic","alakazam",False,False,"kadabra","27",1
66,66,"fighting","machop",False,False,NULL,"28",1
67,67,"fighting","machoke",False,False,"machop","28",1
68,68,"fighting","machamp",False,False,"machoke","28",1
69,69,"grass","bellsprout",False,False,NULL,"29",1
70,70,"grass","weepinbell",False,False,"bellsprout","29",1
71,71,"grass","victreebel",False,False,"weepinbell","29",1
72,72,"water","tentacool",False,False,NULL,"30",1
73,73,"water","tentacruel",False,False,"tentacool","30",1
74,74,"rock","geodude",False,False,NULL,"31",1
75,75,"rock","graveler",False,False,"geodude","31",1
76,76,"rock","golem",False,False,"graveler","31",1
77,77,"fire","ponyta",False,False,NULL,"32",1
78,78,"fire","rapidash",False,False,"ponyta","32",1
79,79,"water","slowpoke",False,False,NULL,"33",1
80,80,"water","slowbro",False,False,"slowpoke","33",1
81,81,"electric","magnemite",False,False,NULL,"34",1
82,82,"electric","magneton",False,False,"magnemite","34",1
83,83,"normal","farfetchd",False,False,NULL,"35",1
84,84,"normal","doduo",False,False,NULL,"36",1
85,85,"normal","dodrio",False,False,"doduo","36",1
86,86,"water","seel",False,False,NULL,"37",1
87,87,"water","dewgong",False,False,"seel","37",1
88,88,"poison","grimer",False,False,NULL,"38",1
89,89,"poison","muk",False,False,"grimer","38",1
90,90,"water","shellder",False,False,NULL,"39",1
91,91,"water","cloyster",False,False,"shellder","39",1
92,92,"ghost","gastly",False,False,NULL,"40",1
93,93,"ghost","haunter",False,False,"gastly","40",1
94,94,"ghost","gengar",False,False,"haunter","40",1
95,95,"rock","onix",False,False,NULL,"41",1
96,96,"psychic","drowzee",False,False,NULL,"42",1
97,97,"psychic","hypno",False,False,"drowzee","42",1
98,98,"water","krabby",False,False,NULL,"43",1
99,99,"water","kingler",False,False,"krabby","43",1
100,100,"electric","voltorb",False,False,NULL,"44",1
101,101,"electric","electrode",False,False,"voltorb","44",1
102,102,"grass","exeggcute",False,False,NULL,"45",1
103,103,"grass","exeggutor",False,False,"exeggcute","45",1
104,104,"ground","cubone",False,False,NULL,"46",1
105,105,"ground","marowak",False,False,"cubone","46",1
106,106,"fighting","hitmonlee",False,False,"tyrogue","47",1
107,107,"fighting","hitmonchan",False,False,"tyrogue","47",1
108,108,"normal","lickitung",False,False,NULL,"48",1
109,109,"poison","koffing",False,False,NULL,"49",1
110,110,"poison","weezing",False,False,"koffing","49",1
111,111,"ground","rhyhorn",False,False,NULL,"50",1
112,112,"ground","rhydon",False,False,"rhyhorn","50",1
113,113,"normal","chansey",False,False,"happiny","51",1
114,114,"grass","tangela",False,False,NULL,"52",1
115,115,"normal","kangaskhan",False,False,NULL,"53",1
116,116,"water","horsea",False,False,NULL,"54",1
117,117,"water","seadra",False,False,"horsea","54",1
118,118,"water","goldeen",False,False,NULL,"55",1
119,119,"water","seaking",False,False,"goldeen","55",1
120,120,"water","staryu",False,False,NULL,"56",1
121,121,"water","starmie",False,False,"staryu","56",1
122,122,"psychic","mr-mime",False,False,"mime-jr","57",1
123,123,"bug","scyther",False,False,NULL,"58",1
124,124,"ice","jynx",False,False,"smoochum","59",1
125,125,"electric","electabuzz",False,False,"elekid","60",1
126,126,"fire","magmar",False,False,"magby","61",1
127,127,"bug","pinsir",False,False,NULL,"62",1
128,128,"normal","tauros",False,False,NULL,"63",1
129,129,"water","magikarp",False,False,NULL,"64",1
130,130,"water","gyarados",False,False,"magikarp","64",1
131,131,"water","lapras",False,False,NULL,"65",1
132,132,"normal","ditto",False,False,NULL,"66",1
133,133,"normal","eevee",False,False,NULL,"67",1
134,134,"water","vaporeon",False,False,"eevee","67",1
135,135,"electric","jolteon",False,False,"eevee","67",1
136,136,"fire","flareon",False,False,"eevee","67",1
137,137,"normal","porygon",False,False,NULL,"68",1
138,138,"rock","omanyte",False,False,NULL,"69",1
139,139,"rock","omastar",False,False,"omanyte","69",1
140,140,"rock","kabuto",False,False,NULL,"70",1
141,141,"rock","kabutops",False,False,"kabuto","70",1
142,142,"rock","aerodactyl",False,False,NULL,"71",1
143,143,"normal","snorlax",False,False,"munchlax","72",1
144,144,"ice","articuno",True,False,NULL,"73",1
145,145,"electric","zapdos",True,False,NULL,"74",1
146,146,"fire","moltres",True,False,NULL,"75",1
147,147,"dragon","dratini",False,False,NULL,"76",1
148,148,"dragon","dragonair",False,False,"dratini","76",1
149,149,"dragon","dragonite",False,False,"dragonair","76",1
150,150,"psychic","mewtwo",True,False,NULL,"77",1
151,151,"psychic","mew",False,True,NULL,"78",1
152,152,"grass","chikorita",False,False,NULL,"79",2
153,153,"grass","bayleef",False,False,"chikorita","79",2
154,154,"grass","meganium",False,False,"bayleef","79",2
155,155,"fire","cyndaquil",False,False,NULL,"80",2
156,156,"fire","quilava",False,False,"cyndaquil","80",2
157,157,"fire","typhlosion",False,False,"quilava","80",2
158,158,"water","totodile",False,False,NULL,"81",2
159,159,"water","croconaw",False,False,"totodile","81",2
160,160,"water","feraligatr",False,False,"croconaw","81",2
161,161,"normal","sentret",False,False,NULL,"82",2
162,162,"normal","furret",False,False,"sentret","82",2
163,163,"normal","hoothoot",False,False,NULL,"83",2
164,164,"normal","noctowl",False,False,"hoothoot","83",2
165,165,"bug","ledyba",False,False,NULL,"84",2
166,166,"bug","ledian",False,False,"ledyba","84",2
167,167,"bug","spinarak",False,False,NULL,"85",2
168,168,"bug","ariados",False,False,"spinarak","85",2
169,169,"poison","crobat",False,False,"golbat","17",2
170,170,"water","chinchou",False,False,NULL,"86",2
171,171,"water","lanturn",False,False,"chinchou","86",2
172,172,"electric","pichu",False,False,NULL,"10",2
173,173,"fairy","cleffa",False,False,NULL,"14",2
174,174,"normal","igglybuff",False,False,NULL,"16",2
175,175,"fairy","togepi",False,False,NULL,"87",2
176,176,"fairy","togetic",False,False,"togepi","87",2
177,177,"psychic","natu",False,False,NULL,"88",2
178,178,"psychic","xatu",False,False,"natu","88",2
179,179,"electric","mareep",False,False,NULL,"89",2
180,180,"electric","flaaffy",False,False,"mareep","89",2
181,181,"electric","ampharos",False,False,"flaaffy","89",2
182,182,"grass","bellossom",False,False,"gloom","18",2
183,183,"water","marill",False,False,"azurill","90",2
184,184,"water","azumarill",False,False,"marill","90",2
185,185,"rock","sudowoodo",False,False,"bonsly","91",2
186,186,"water","politoed",False,False,"poliwhirl","26",2
187,187,"grass","hoppip",False,False,NULL,"92",2
188,188,"grass","skiploom",False,False,"hoppip","92",2
189,189,"grass","jumpluff",False,False,"skiploom","92",2
190,190,"normal","aipom",False,False,NULL,"93",2
191,191,"grass","sunkern",False,False,NULL,"94",2
192,192,"grass","sunflora",False,False,"sunkern","94",2
193,193,"bug","yanma",False,False,NULL,"95",2
194,194,"water","wooper",False,False,NULL,"96",2
195,195,"water","quagsire",False,False,"wooper","96",2
196,196,"psychic","espeon",False,False,"eevee","67",2
197,197,"dark","umbreon",False,False,"eevee","67",2
198,198,"dark","murkrow",False,False,NULL,"97",2
199,199,"water","slowking",False,False,"slowpoke","33",2
200,200,"ghost","misdreavus",False,False,NULL,"98",2
201,201,"psychic","unown",False,False,NULL,"99",2
202,202,"psychic","wobbuffet",False,False,"wynaut","100",2
203,203,"normal","girafarig",False,False,NULL,"101",2
204,204,"bug","pineco",False,False,NULL,"102",2
205,205,"bug","forretress",False,False,"pineco","102",2
206,206,"normal","dunsparce",False,False,NULL,"103",2
207,207,"ground","gligar",False,False,NULL,"104",2
208,208,"steel","steelix",False,False,"onix","41",2
209,209,"fairy","snubbull",False,False,NULL,"105",2
210,210,"fairy","granbull",False,False,"snubbull","105",2
211,211,"water","qwilfish",False,False,NULL,"106",2
212,212,"bug","scizor",False,False,"scyther","58",2
213,213,"bug","shuckle",False,False,NULL,"107",2
214,214,"bug","heracross",False,False,NULL,"108",2
215,215,"dark","sneasel",False,False,NULL,"109",2
216,216,"normal","teddiursa",False,False,NULL,"110",2
217,217,"normal","ursaring",False,False,"teddiursa","110",2
218,218,"fire","slugma",False,False,NULL,"111",2
219,219,"fire","magcargo",False,False,"slugma","111",2
220,220,"ice","swinub",False,False,NULL,"112",2
221,221,"ice","piloswine",False,False,"swinub","112",2
222,222,"water","corsola",False,False,NULL,"113",2
223,223,"water","remoraid",False,False,NULL,"114",2
224,224,"water","octillery",False,False,"remoraid","114",2
225,225,"ice","delibird",False,False,NULL,"115",2
226,226,"water","mantine",False,False,"mantyke","116",2
227,227,"steel","skarmory",False,False,NULL,"117",2
228,228,"dark","houndour",False,False,NULL,"118",2
229,229,"dark","houndoom",False,False,"houndour","118",2
230,230,"water","kingdra",False,False,"seadra","54",2
231,231,"ground","phanpy",False,False,NULL,"119",2
232,232,"ground","donphan",False,False,"phanpy","119",2
233,233,"normal","porygon2",False,False,"porygon","68",2
234,234,"normal","stantler",False,False,NULL,"120",2
235,235,"normal","smeargle",False,False,NULL,"121",2
236,236,"fighting","tyrogue",False,False,NULL,"47",2
237,237,"fighting","hitmontop",False,False,"tyrogue","47",2
238,238,"ice","smoochum",False,False,NULL,"59",2
239,239,"electric","elekid",False,False,NULL,"60",2
240,240,"fire","magby",False,False,NULL,"61",2
241,241,"normal","miltank",False,False,NULL,"122",2
242,242,"normal","blissey",False,False,"chansey","51",2
243,243,"electric","raikou",True,False,NULL,"123",2
244,244,"fire","entei",True,False,NULL,"124",2
245,245,"water","suicune",True,False,NULL,"125",2
246,246,"rock","larvitar",False,False,NULL,"126",2
247,247,"rock","pupitar",False,False,"larvitar","126",2
248,248,"rock","tyranitar",False,False,"pupitar","126",2
249,249,"psychic","lugia",True,False,NULL,"127",2
250,250,"fire","ho-oh",True,False,NULL,"128",2
251,251,"psychic","celebi",False,True,NULL,"129",2
252,252,"grass","treecko",False,False,NULL,"130",3
253,253,"grass","grovyle",False,False,"treecko","130",3
254,254,"grass","sceptile",False,False,"grovyle","130",3
255,255,"fire","torchic",False,False,NULL,"131",3
256,256,"fire","combusken",False,False,"torchic","131",3
257,257,"fire","blaziken",False,False,"combusken","131",3
258,258,"water","mudkip",False,False,NULL,"132",3
259,259,"water","marshtomp",False,False,"mudkip","132",3
260,260,"water","swampert",False,False,"marshtomp","132",3
261,261,"dark","poochyena",False,False,NULL,"133",3
262,262,"dark","mightyena",False,False,"poochyena","133",3
263,263,"normal","zigzagoon",False,False,NULL,"134",3
264,264,"normal","linoone",False,False,"zigzagoon","134",3
265,265,"bug","wurmple",False,False,NULL,"135",3
266,266,"bug","silcoon",False,False,"wurmple","135",3
267,267,"bug","beautifly",False,False,"silcoon","135",3
268,268,"bug","cascoon",False,False,"wurmple","135",3
269,269,"bug","dustox",False,False,"cascoon","135",3
270,270,"water","lotad",False,False,NULL,"136",3
271,271,"water","lombre",False,False,"lotad","136",3
272,272,"water","ludicolo",False,False,"lombre","136",3
273,273,"grass","seedot",False,False,NULL,"137",3
274,274,"grass","nuzleaf",False,False,"seedot","137",3
275,275,"grass","shiftry",False,False,"nuzleaf","137",3
276,276,"normal","taillow",False,False,NULL,"138",3
277,277,"normal","swellow",False,False,"taillow","138",3
278,278,"water","wingull",False,False,NULL,"139",3
279,279,"water","pelipper",False,False,"wingull","139",3
280,280,"psychic","ralts",False,False,NULL,"140",3
281,281,"psychic","kirlia",False,False,"ralts","140",3
282,282,"psychic","gardevoir",False,False,"kirlia","140",3
283,283,"bug","surskit",False,False,NULL,"141",3
284,284,"bug","masquerain",False,False,"surskit","141",3
285,285,"grass","shroomish",False,False,NULL,"142",3
286,286,"grass","breloom",False,False,"shroomish","142",3
287,287,"normal","slakoth",False,False,NULL,"143",3
288,288,"normal","vigoroth",False,False,"slakoth","143",3
289,289,"normal","slaking",False,False,"vigoroth","143",3
290,290,"bug","nincada",False,False,NULL,"144",3
291,291,"bug","ninjask",False,False,"nincada","144",3
292,292,"bug","shedinja",False,False,"nincada","144",3
293,293,"normal","whismur",False,False,NULL,"145",3
294,294,"normal","loudred",False,False,"whismur","145",3
295,295,"normal","exploud",False,False,"loudred","145",3
296,296,"fighting","makuhita",False,False,NULL,"146",3
297,297,"fighting","hariyama",False,False,"makuhita","146",3
298,298,"normal","azurill",False,False,NULL,"90",3
299,299,"rock","nosepass",False,False,NULL,"147",3
300,300,"normal","skitty",False,False,NULL,"148",3
301,301,"normal","delcatty",False,False,"skitty","148",3
302,302,"dark","sableye",False,False,NULL,"149",3
303,303,"steel","mawile",False,False,NULL,"150",3
304,304,"steel","aron",False,False,NULL,"151",3
305,305,"steel","lairon",False,False,"aron","151",3
306,306,"steel","aggron",False,False,"lairon","151",3
307,307,"fighting","meditite",False,False,NULL,"152",3
308,308,"fighting","medicham",False,False,"meditite","152",3
309,309,"electric","electrike",False,False,NULL,"153",3
310,310,"electric","manectric",False,False,"electrike","153",3
311,311,"electric","plusle",False,False,NULL,"154",3
312,312,"electric","minun",False,False,NULL,"155",3
313,313,"bug","volbeat",False,False,NULL,"156",3
314,314,"bug","illumise",False,False,NULL,"157",3
315,315,"grass","roselia",False,False,"budew","158",3
316,316,"poison","gulpin",False,False,NULL,"159",3
317,317,"poison","swalot",False,False,"gulpin","159",3
318,318,"water","carvanha",False,False,NULL,"160",3
319,319,"water","sharpedo",False,False,"carvanha","160",3
320,320,"water","wailmer",False,False,NULL,"161",3
321,321,"water","wailord",False,False,"wailmer","161",3
322,322,"fire","numel",False,False,NULL,"162",3
323,323,"fire","camerupt",False,False,"numel","162",3
324,324,"fire","torkoal",False,False,NULL,"163",3
325,325,"psychic","spoink",False,False,NULL,"164",3
326,326,"psychic","grumpig",False,False,"spoink","164",3
327,327,"normal","spinda",False,False,NULL,"165",3
328,328,"ground","trapinch",False,False,NULL,"166",3
329,329,"ground","vibrava",False,False,"trapinch","166",3
330,330,"ground","flygon",False,False,"vibrava","166",3
331,331,"grass","cacnea",False,False,NULL,"167",3
332,332,"grass","cacturne",False,False,"cacnea","167",3
333,333,"normal","swablu",False,False,NULL,"168",3
334,334,"dragon","altaria",False,False,"swablu","168",3
335,335,"normal","zangoose",False,False,NULL,"169",3
336,336,"poison","seviper",False,False,NULL,"170",3
337,337,"rock","lunatone",False,False,NULL,"171",3
338,338,"rock","solrock",False,False,NULL,"172",3
339,339,"water","barboach",False,False,NULL,"173",3
340,340,"water","whiscash",False,False,"barboach","173",3
341,341,"water","corphish",False,False,NULL,"174",3
342,342,"water","crawdaunt",False,False,"corphish","174",3
343,343,"ground","baltoy",False,False,NULL,"175",3
344,344,"ground","claydol",False,False,"baltoy","175",3
345,345,"rock","lileep",False,False,NULL,"176",3
346,346,"rock","cradily",False,False,"lileep","176",3
347,347,"rock","anorith",False,False,NULL,"177",3
348,348,"rock","armaldo",False,False,"anorith","177",3
349,349,"water","feebas",False,False,NULL,"178",3
350,350,"water","milotic",False,False,"feebas","178",3
351,351,"normal","castform",False,False,NULL,"179",3
352,352,"normal","kecleon",False,False,NULL,"180",3
353,353,"ghost","shuppet",False,False,NULL,"181",3
354,354,"ghost","banette",False,False,"shuppet","181",3
355,355,"ghost","duskull",False,False,NULL,"182",3
356,356,"ghost","dusclops",False,False,"duskull","182",3
357,357,"grass","tropius",False,False,NULL,"183",3
358,358,"psychic","chimecho",False,False,"chingling","184",3
359,359,"dark","absol",False,False,NULL,"185",3
360,360,"psychic","wynaut",False,False,NULL,"100",3
361,361,"ice","snorunt",False,False,NULL,"186",3
362,362,"ice","glalie",False,False,"snorunt","186",3
363,363,"ice","spheal",False,False,NULL,"187",3
364,364,"ice","sealeo",False,False,"spheal","187",3
365,365,"ice","walrein",False,False,"sealeo","187",3
366,366,"water","clamperl",False,False,NULL,"188",3
367,367,"water","huntail",False,False,"clamperl","188",3
368,368,"water","gorebyss",False,False,"clamperl","188",3
369,369,"water","relicanth",False,False,NULL,"189",3
370,370,"water","luvdisc",False,False,NULL,"190",3
371,371,"dragon","bagon",False,False,NULL,"191",3
372,372,"dragon","shelgon",False,False,"bagon","191",3
373,373,"dragon","salamence",False,False,"shelgon","191",3
374,374,"steel","beldum",False,False,NULL,"192",3
375,375,"steel","metang",False,False,"beldum","192",3
376,376,"steel","metagross",False,False,"metang","192",3
377,377,"rock","regirock",True,False,NULL,"193",3
378,378,"ice","regice",True,False,NULL,"194",3
379,379,"steel","registeel",True,False,NULL,"195",3
380,380,"dragon","latias",True,False,NULL,"196",3
381,381,"dragon","latios",True,False,NULL,"197",3
382,382,"water","kyogre",True,False,NULL,"198",3
383,383,"ground","groudon",True,False,NULL,"199",3
384,384,"dragon","rayquaza",True,False,NULL,"200",3
385,385,"steel","jirachi",False,True,NULL,"201",3
386,386,"psychic","deoxys",False,True,NULL,"202",3
387,387,"grass","turtwig",False,False,NULL,"203",4
388,388,"grass","grotle",False,False,"turtwig","203",4
389,389,"grass","torterra",False,False,"grotle","203",4
390,390,"fire","chimchar",False,False,NULL,"204",4
391,391,"fire","monferno",False,False,"chimchar","204",4
392,392,"fire","infernape",False,False,"monferno","204",4
393,393,"water","piplup",False,False,NULL,"205",4
394,394,"water","prinplup",False,False,"piplup","205",4
395,395,"water","empoleon",False,False,"prinplup","205",4
396,396,"normal","starly",False,False,NULL,"206",4
397,397,"normal","staravia",False,False,"starly","206",4
398,398,"normal","staraptor",False,False,"staravia","206",4
399,399,"normal","bidoof",False,False,NULL,"207",4
400,400,"normal","bibarel",False,False,"bidoof","207",4
401,401,"bug","kricketot",False,False,NULL,"208",4
402,402,"bug","kricketune",False,False,"kricketot","208",4
403,403,"electric","shinx",False,False,NULL,"209",4
404,404,"electric","luxio",False,False,"shinx","209",4
405,405,"electric","luxray",False,False,"luxio","209",4
406,406,"grass","budew",False,False,NULL,"158",4
407,407,"grass","roserade",False,False,"roselia","158",4
408,408,"rock","cranidos",False,False,NULL,"211",4
409,409,"rock","rampardos",False,False,"cranidos","211",4
410,410,"rock","shieldon",False,False,NULL,"212",4
411,411,"rock","bastiodon",False,False,"shieldon","212",4
412,412,"bug","burmy",False,False,NULL,"213",4
413,413,"bug","wormadam",False,False,"burmy","213",4
414,414,"bug","mothim",False,False,"burmy","213",4
415,415,"bug","combee",False,False,NULL,"214",4
416,416,"bug","vespiquen",False,False,"combee","214",4
417,417,"electric","pachirisu",False,False,NULL,"215",4
418,418,"water","buizel",False,False,NULL,"216",4
419,419,"water","floatzel",False,False,"buizel","216",4
420,420,"grass","cherubi",False,False,NULL,"217",4
421,421,"grass","cherrim",False,False,"cherubi","217",4
422,422,"water","shellos",False,False,NULL,"218",4
423,423,"water","gastrodon",False,False,"shellos","218",4
424,424,"normal","ambipom",False,False,"aipom","93",4
425,425,"ghost","drifloon",False,False,NULL,"219",4
426,426,"ghost","drifblim",False,False,"drifloon","219",4
427,427,"normal","buneary",False,False,NULL,"220",4
428,428,"normal","lopunny",False,False,"buneary","220",4
429,429,"ghost","mismagius",False,False,"misdreavus","98",4
430,430,"dark","honchkrow",False,False,"murkrow","97",4
431,431,"normal","glameow",False,False,NULL,"221",4
432,432,"normal","purugly",False,False,"glameow","221",4
433,433,"psychic","chingling",False,False,NULL,"184",4
434,434,"poison","stunky",False,False,NULL,"223",4
435,435,"poison","skuntank",False,False,"stunky","223",4
436,436,"steel","bronzor",False,False,NULL,"224",4
437,437,"steel","bronzong",False,False,"bronzor","224",4
438,438,"rock","bonsly",False,False,NULL,"91",4
439,439,"psychic","mime-jr",False,False,NULL,"57",4
440,440,"normal","happiny",False,False,NULL,"51",4
441,441,"normal","chatot",False,False,NULL,"228",4
442,442,"ghost","spiritomb",False,False,NULL,"229",4
443,443,"dragon","gible",False,False,NULL,"230",4
444,444,"dragon","gabite",False,False,"gible","230",4
445,445,"dragon","garchomp",False,False,"gabite","230",4
446,446,"normal","munchlax",False,False,NULL,"72",4
447,447,"fighting","riolu",False,False,NULL,"232",4
448,448,"fighting","lucario",False,False,"riolu","232",4
449,449,"ground","hippopotas",False,False,NULL,"233",4
450,450,"ground","hippowdon",False,False,"hippopotas","233",4
451,451,"poison","skorupi",False,False,NULL,"234",4
452,452,"poison","drapion",False,False,"skorupi","234",4
453,453,"poison","croagunk",False,False,NULL,"235",4
454,454,"poison","toxicroak",False,False,"croagunk","235",4
455,455,"grass","carnivine",False,False,NULL,"236",4
456,456,"water","finneon",False,False,NULL,"237",4
457,457,"water","lumineon",False,False,"finneon","237",4
458,458,"water","mantyke",False,False,NULL,"116",4
459,459,"grass","snover",False,False,NULL,"239",4
460,460,"grass","abomasnow",False,False,"snover","239",4
461,461,"dark","weavile",False,False,"sneasel","109",4
462,462,"electric","magnezone",False,False,"magneton","34",4
463,463,"normal","lickilicky",False,False,"lickitung","48",4
464,464,"ground","rhyperior",False,False,"rhydon","50",4
465,465,"grass","tangrowth",False,False,"tangela","52",4
466,466,"electric","electivire",False,False,"electabuzz","60",4
467,467,"fire","magmortar",False,False,"magmar","61",4
468,468,"fairy","togekiss",False,False,"togetic","87",4
469,469,"bug","yanmega",False,False,"yanma","95",4
470,470,"grass","leafeon",False,False,"eevee","67",4
471,471,"ice","glaceon",False,False,"eevee","67",4
472,472,"ground","gliscor",False,False,"gligar","104",4
473,473,"ice","mamoswine",False,False,"piloswine","112",4
474,474,"normal","porygon-z",False,False,"porygon2","68",4
475,475,"psychic","gallade",False,False,"kirlia","140",4
476,476,"rock","probopass",False,False,"nosepass","147",4
477,477,"ghost","dusknoir",False,False,"dusclops","182",4
478,478,"ice","froslass",False,False,"snorunt","186",4
479,479,"electric","rotom",False,False,NULL,"240",4
480,480,"psychic","uxie",True,False,NULL,"241",4
481,481,"psychic","mesprit",True,False,NULL,"242",4
482,482,"psychic","azelf",True,False,NULL,"243",4
483,483,"steel","dialga",True,False,NULL,"244",4
484,484,"water","palkia",True,False,NULL,"245",4
485,485,"fire","heatran",True,False,NULL,"246",4
486,486,"normal","regigigas",True,False,NULL,"247",4
487,487,"ghost","giratina",True,False,NULL,"248",4
488,488,"psychic","cresselia",True,False,NULL,"249",4
489,489,"water","phione",False,True,NULL,"250",4
490,490,"water","manaphy",False,True,NULL,"250",4
491,491,"dark","darkrai",False,True,NULL,"252",4
492,492,"grass","shaymin",False,True,NULL,"253",4
493,493,"normal","arceus",False,True,NULL,"254",4
494,494,"psychic","victini",False,True,NULL,"255",5
495,495,"grass","snivy",False,False,NULL,"256",5
496,496,"grass","servine",False,False,"snivy","256",5
497,497,"grass","serperior",False,False,"servine","256",5
498,498,"fire","tepig",False,False,NULL,"257",5
499,499,"fire","pignite",False,False,"tepig","257",5
500,500,"fire","emboar",False,False,"pignite","257",5
501,501,"water","oshawott",False,False,NULL,"258",5
502,502,"water","dewott",False,False,"oshawott","258",5
503,503,"water","samurott",False,False,"dewott","258",5
504,504,"normal","patrat",False,False,NULL,"259",5
505,505,"normal","watchog",False,False,"patrat","259",5
506,506,"normal","lillipup",False,False,NULL,"260",5
507,507,"normal","herdier",False,False,"lillipup","260",5
508,508,"normal","stoutland",False,False,"herdier","260",5
509,509,"dark","purrloin",False,False,NULL,"261",5
510,510,"dark","liepard",False,False,"purrloin","261",5
511,511,"grass","pansage",False,False,NULL,"262",5
512,512,"grass","simisage",False,False,"pansage","262",5
513,513,"fire","pansear",False,False,NULL,"263",5
514,514,"fire","simisear",False,False,"pansear","263",5
515,515,"water","panpour",False,False,NULL,"264",5
516,516,"water","simipour",False,False,"panpour","264",5
517,517,"psychic","munna",False,False,NULL,"265",5
518,518,"psychic","musharna",False,False,"munna","265",5
519,519,"normal","pidove",False,False,NULL,"266",5
520,520,"normal","tranquill",False,False,"pidove","266",5
521,521,"normal","unfezant",False,False,"tranquill","266",5
522,522,"electric","blitzle",False,False,NULL,"267",5
523,523,"electric","zebstrika",False,False,"blitzle","267",5
524,524,"rock","roggenrola",False,False,NULL,"268",5
525,525,"rock","boldore",False,False,"roggenrola","268",5
526,526,"rock","gigalith",False,False,"boldore","268",5
527,527,"psychic","woobat",False,False,NULL,"269",5
528,528,"psychic","swoobat",False,False,"woobat","269",5
529,529,"ground","drilbur",False,False,NULL,"270",5
530,530,"ground","excadrill",False,False,"drilbur","270",5
531,531,"normal","audino",False,False,NULL,"271",5
532,532,"fighting","timburr",False,False,NULL,"272",5
533,533,"fighting","gurdurr",False,False,"timburr","272",5
534,534,"fighting","conkeldurr",False,False,"gurdurr","272",5
535,535,"water","tympole",False,False,NULL,"273",5
536,536,"water","palpitoad",False,False,"tympole","273",5
537,537,"water","seismitoad",False,False,"palpitoad","273",5
538,538,"fighting","throh",False,False,NULL,"274",5
539,539,"fighting","sawk",False,False,NULL,"275",5
540,540,"bug","sewaddle",False,False,NULL,"276",5
541,541,"bug","swadloon",False,False,"sewaddle","276",5
542,542,"bug","leavanny",False,False,"swadloon","276",5
543,543,"bug","venipede",False,False,NULL,"277",5
544,544,"bug","whirlipede",False,False,"venipede","277",5
545,545,"bug","scolipede",False,False,"whirlipede","277",5
546,546,"grass","cottonee",False,False,NULL,"278",5
547,547,"grass","whimsicott",False,False,"cottonee","278",5
548,548,"grass","petilil",False,False,NULL,"279",5
549,549,"grass","lilligant",False,False,"petilil","279",5
550,550,"water","basculin",False,False,NULL,"280",5
551,551,"ground","sandile",False,False,NULL,"281",5
552,552,"ground","krokorok",False,False,"sandile","281",5
553,553,"ground","krookodile",False,False,"krokorok","281",5
554,554,"fire","darumaka",False,False,NULL,"282",5
555,555,"fire","darmanitan",False,False,"darumaka","282",5
556,556,"grass","maractus",False,False,NULL,"283",5
557,557,"bug","dwebble",False,False,NULL,"284",5
558,558,"bug","crustle",False,False,"dwebble","284",5
559,559,"dark","scraggy",False,False,NULL,"285",5
560,560,"dark","scrafty",False,False,"scraggy","285",5
561,561,"psychic","sigilyph",False,False,NULL,"286",5
562,562,"ghost","yamask",False,False,NULL,"287",5
563,563,"ghost","cofagrigus",False,False,"yamask","287",5
564,564,"water","tirtouga",False,False,NULL,"288",5
565,565,"water","carracosta",False,False,"tirtouga","288",5
566,566,"rock","archen",False,False,NULL,"289",5
567,567,"rock","archeops",False,False,"archen","289",5
568,568,"poison","trubbish",False,False,NULL,"290",5
569,569,"poison","garbodor",False,False,"trubbish","290",5
570,570,"dark","zorua",False,False,NULL,"291",5
571,571,"dark","zoroark",False,False,"zorua","291",5
572,572,"normal","minccino",False,False,NULL,"292",5
573,573,"normal","cinccino",False,False,"minccino","292",5
574,574,"psychic","gothita",False,False,NULL,"293",5
575,575,"psychic","gothorita",False,False,"gothita","293",5
576,576,"psychic","gothitelle",False,False,"gothorita","293",5
577,577,"psychic","solosis",False,False,NULL,"294",5
578,578,"psychic","duosion",False,False,"solosis","294",5
579,579,"psychic","reuniclus",False,False,"duosion","294",5
580,580,"water","ducklett",False,False,NULL,"295",5
581,581,"water","swanna",False,False,"ducklett","295",5
582,582,"ice","vanillite",False,False,NULL,"296",5
583,583,"ice","vanillish",False,False,"vanillite","296",5
584,584,"ice","vanilluxe",False,False,"vanillish","296",5
585,585,"normal","deerling",False,False,NULL,"297",5
586,586,"normal","sawsbuck",False,False,"deerling","297",5
587,587,"electric","emolga",False,False,NULL,"298",5
588,588,"bug","karrablast",False,False,NULL,"299",5
589,589,"bug","escavalier",False,False,"karrablast","299",5
590,590,"grass","foongus",False,False,NULL,"300",5
591,591,"grass","amoonguss",False,False,"foongus","300",5
592,592,"water","frillish",False,False,NULL,"301",5
593,593,"water","jellicent",False,False,"frillish","301",5
594,594,"water","alomomola",False,False,NULL,"302",5
595,595,"bug","joltik",False,False,NULL,"303",5
596,596,"bug","galvantula",False,False,"joltik","303",5
597,597,"grass","ferroseed",False,False,NULL,"304",5
598,598,"grass","ferrothorn",False,False,"ferroseed","304",5
599,599,"steel","klink",False,False,NULL,"305",5
600,600,"steel","klang",False,False,"klink","305",5
601,601,"steel","klinklang",False,False,"klang","305",5
602,602,"electric","tynamo",False,False,NULL,"306",5
603,603,"electric","eelektrik",False,False,"tynamo","306",5
604,604,"electric","eelektross",False,False,"eelektrik","306",5
605,605,"psychic","elgyem",False,False,NULL,"307",5
606,606,"psychic","beheeyem",False,False,"elgyem","307",5
607,607,"ghost","litwick",False,False,NULL,"308",5
608,608,"ghost","lampent",False,False,"litwick","308",5
609,609,"ghost","chandelure",False,False,"lampent","308",5
610,610,"dragon","axew",False,False,NULL,"309",5
611,611,"dragon","fraxure",False,False,"axew","309",5
612,612,"dragon","haxorus",False,False,"fraxure","309",5
613,613,"ice","cubchoo",False,False,NULL,"310",5
614,614,"ice","beartic",False,False,"cubchoo","310",5
615,615,"ice","cryogonal",False,False,NULL,"311",5
616,616,"bug","shelmet",False,False,NULL,"312",5
617,617,"bug","accelgor",False,False,"shelmet","312",5
618,618,"ground","stunfisk",False,False,NULL,"313",5
619,619,"fighting","mienfoo",False,False,NULL,"314",5
620,620,"fighting","mienshao",False,False,"mienfoo","314",5
621,621,"dragon","druddigon",False,False,NULL,"315",5
622,622,"ground","golett",False,False,NULL,"316",5
623,623,"ground","golurk",False,False,"golett","316",5
624,624,"dark","pawniard",False,False,NULL,"317",5
625,625,"dark","bisharp",False,False,"pawniard","317",5
626,626,"normal","bouffalant",False,False,NULL,"318",5
627,627,"normal","rufflet",False,False,NULL,"319",5
628,628,"normal","braviary",False,False,"rufflet","319",5
629,629,"dark","vullaby",False,False,NULL,"320",5
630,630,"dark","mandibuzz",False,False,"vullaby","320",5
631,631,"fire","heatmor",False,False,NULL,"321",5
632,632,"bug","durant",False,False,NULL,"322",5
633,633,"dark","deino",False,False,NULL,"323",5
634,634,"dark","zweilous",False,False,"deino","323",5
635,635,"dark","hydreigon",False,False,"zweilous","323",5
636,636,"bug","larvesta",False,False,NULL,"324",5
637,637,"bug","volcarona",False,False,"larvesta","324",5
638,638,"steel","cobalion",True,False,NULL,"325",5
639,639,"rock","terrakion",True,False,NULL,"326",5
640,640,"grass","virizion",True,False,NULL,"327",5
641,641,"flying","tornadus",True,False,NULL,"328",5
642,642,"electric","thundurus",True,False,NULL,"329",5
643,643,"dragon","reshiram",True,False,NULL,"330",5
644,644,"dragon","zekrom",True,False,NULL,"331",5
645,645,"ground","landorus",True,False,NULL,"332",5
646,646,"dragon","kyurem",True,False,NULL,"333",5
647,647,"water","keldeo",False,True,NULL,"334",5
648,648,"normal","meloetta",False,True,NULL,"335",5
649,649,"bug","genesect",False,True,NULL,"336",5
650,650,"grass","chespin",False,False,NULL,"337",6
651,651,"grass","quilladin",False,False,"chespin","337",6
652,652,"grass","chesnaught",False,False,"quilladin","337",6
653,653,"fire","fennekin",False,False,NULL,"338",6
654,654,"fire","braixen",False,False,"fennekin","338",6
655,655,"fire","delphox",False,False,"braixen","338",6
656,656,"water","froakie",False,False,NULL,"339",6
657,657,"water","frogadier",False,False,"froakie","339",6
658,658,"water","greninja",False,False,"frogadier","339",6
659,659,"normal","bunnelby",False,False,NULL,"340",6
660,660,"normal","diggersby",False,False,"bunnelby","340",6
661,661,"normal","fletchling",False,False,NULL,"341",6
662,662,"fire","fletchinder",False,False,"fletchling","341",6
663,663,"fire","talonflame",False,False,"fletchinder","341",6
664,664,"bug","scatterbug",False,False,NULL,"342",6
665,665,"bug","spewpa",False,False,"scatterbug","342",6
666,666,"bug","vivillon",False,False,"spewpa","342",6
667,667,"fire","litleo",False,False,NULL,"343",6
668,668,"fire","pyroar",False,False,"litleo","343",6
669,669,"fairy","flabebe",False,False,NULL,"344",6
670,670,"fairy","floette",False,False,"flabebe","344",6
671,671,"fairy","florges",False,False,"floette","344",6
672,672,"grass","skiddo",False,False,NULL,"345",6
673,673,"grass","gogoat",False,False,"skiddo","345",6
674,674,"fighting","pancham",False,False,NULL,"346",6
675,675,"fighting","pangoro",False,False,"pancham","346",6
676,676,"normal","furfrou",False,False,NULL,"347",6
677,677,"psychic","espurr",False,False,NULL,"348",6
678,678,"psychic","meowstic",False,False,"espurr","348",6
679,679,"steel","honedge",False,False,NULL,"349",6
680,680,"steel","doublade",False,False,"honedge","349",6
681,681,"steel","aegislash",False,False,"doublade","349",6
682,682,"fairy","spritzee",False,False,NULL,"350",6
683,683,"fairy","aromatisse",False,False,"spritzee","350",6
684,684,"fairy","swirlix",False,False,NULL,"351",6
685,685,"fairy","slurpuff",False,False,"swirlix","351",6
686,686,"dark","inkay",False,False,NULL,"352",6
687,687,"dark","malamar",False,False,"inkay","352",6
688,688,"rock","binacle",False,False,NULL,"353",6
689,689,"rock","barbaracle",False,False,"binacle","353",6
690,690,"poison","skrelp",False,False,NULL,"354",6
691,691,"poison","dragalge",False,False,"skrelp","354",6
692,692,"water","clauncher",False,False,NULL,"355",6
693,693,"water","clawitzer",False,False,"clauncher","355",6
694,694,"electric","helioptile",False,False,NULL,"356",6
695,695,"electric","heliolisk",False,False,"helioptile","356",6
696,696,"rock","tyrunt",False,False,NULL,"357",6
697,697,"rock","tyrantrum",False,False,"tyrunt","357",6
698,698,"rock","amaura",False,False,NULL,"358",6
699,699,"rock","aurorus",False,False,"amaura","358",6
700,700,"fairy","sylveon",False,False,"eevee","67",6
701,701,"fighting","hawlucha",False,False,NULL,"359",6
702,702,"electric","dedenne",False,False,NULL,"360",6
703,703,"rock","carbink",False,False,NULL,"361",6
704,704,"dragon","goomy",False,False,NULL,"362",6
705,705,"dragon","sliggoo",False,False,"goomy","362",6
706,706,"dragon","goodra",False,False,"sliggoo","362",6
707,707,"steel","klefki",False,False,NULL,"363",6
708,708,"ghost","phantump",False,False,NULL,"364",6
709,709,"ghost","trevenant",False,False,"phantump","364",6
710,710,"ghost","pumpkaboo",False,False,NULL,"365",6
711,711,"ghost","gourgeist",False,False,"pumpkaboo","365",6
712,712,"ice","bergmite",False,False,NULL,"366",6
713,713,"ice","avalugg",False,False,"bergmite","366",6
714,714,"flying","noibat",False,False,NULL,"367",6
715,715,"flying","noivern",False,False,"noibat","367",6
716,716,"fairy","xerneas",True,False,NULL,"368",6
717,717,"dark","yveltal",True,False,NULL,"369",6
718,718,"dragon","zygarde",True,False,NULL,"370",6
719,719,"rock","diancie",False,True,NULL,"371",6
720,720,"psychic","hoopa",False,True,NULL,"372",6
721,721,"fire","volcanion",False,True,NULL,"373",6
722,722,"grass","rowlet",False,False,NULL,"374",7
723,723,"grass","dartrix",False,False,"rowlet","374",7
724,724,"grass","decidueye",False,False,"dartrix","374",7
725,725,"fire","litten",False,False,NULL,"375",7
726,726,"fire","torracat",False,False,"litten","375",7
727,727,"fire","incineroar",False,False,"torracat","375",7
728,728,"water","popplio",False,False,NULL,"376",7
729,729,"water","brionne",False,False,"popplio","376",7
730,730,"water","primarina",False,False,"brionne","376",7
731,731,"normal","pikipek",False,False,NULL,"377",7
732,732,"normal","trumbeak",False,False,"pikipek","377",7
733,733,"normal","toucannon",False,False,"trumbeak","377",7
734,734,"normal","yungoos",False,False,NULL,"378",7
735,735,"normal","gumshoos",False,False,"yungoos","378",7
736,736,"bug","grubbin",False,False,NULL,"379",7
737,737,"bug","charjabug",False,False,"grubbin","379",7
738,738,"bug","vikavolt",False,False,"charjabug","379",7
739,739,"fighting","crabrawler",False,False,NULL,"380",7
740,740,"fighting","crabominable",False,False,"crabrawler","380",7
741,741,"fire","oricorio",False,False,NULL,"381",7
742,742,"bug","cutiefly",False,False,NULL,"382",7
743,743,"bug","ribombee",False,False,"cutiefly","382",7
744,744,"rock","rockruff",False,False,NULL,"383",7
745,745,"rock","lycanroc",False,False,"rockruff","383",7
746,746,"water","wishiwashi",False,False,NULL,"384",7
747,747,"poison","mareanie",False,False,NULL,"385",7
748,748,"poison","toxapex",False,False,"mareanie","385",7
749,749,"ground","mudbray",False,False,NULL,"386",7
750,750,"ground","mudsdale",False,False,"mudbray","386",7
751,751,"water","dewpider",False,False,NULL,"387",7
752,752,"water","araquanid",False,False,"dewpider","387",7
753,753,"grass","fomantis",False,False,NULL,"388",7
754,754,"grass","lurantis",False,False,"fomantis","388",7
755,755,"grass","morelull",False,False,NULL,"389",7
756,756,"grass","shiinotic",False,False,"morelull","389",7
757,757,"poison","salandit",False,False,NULL,"390",7
758,758,"poison","salazzle",False,False,"salandit","390",7
759,759,"normal","stufful",False,False,NULL,"391",7
760,760,"normal","bewear",False,False,"stufful","391",7
761,761,"grass","bounsweet",False,False,NULL,"392",7
762,762,"grass","steenee",False,False,"bounsweet","392",7
763,763,"grass","tsareena",False,False,"steenee","392",7
764,764,"fairy","comfey",False,False,NULL,"393",7
765,765,"normal","oranguru",False,False,NULL,"394",7
766,766,"fighting","passimian",False,False,NULL,"395",7
767,767,"bug","wimpod",False,False,NULL,"396",7
768,768,"bug","golisopod",False,False,"wimpod","396",7
769,769,"ghost","sandygast",False,False,NULL,"397",7
770,770,"ghost","palossand",False,False,"sandygast","397",7
771,771,"water","pyukumuku",False,False,NULL,"398",7
772,772,"normal","type-null",False,False,NULL,"399",7
773,773,"normal","silvally",True,False,"type-null","399",7
774,774,"rock","minior",False,False,NULL,"400",7
775,775,"normal","komala",False,False,NULL,"401",7
776,776,"fire","turtonator",False,False,NULL,"402",7
777,777,"electric","togedemaru",False,False,NULL,"403",7
778,778,"ghost","mimikyu",False,False,NULL,"404",7
779,779,"water","bruxish",False,False,NULL,"405",7
780,780,"normal","drampa",False,False,NULL,"406",7
781,781,"ghost","dhelmise",False,False,NULL,"407",7
782,782,"dragon","jangmo-o",False,False,NULL,"408",7
783,783,"dragon","hakamo-o",False,False,"jangmo-o","408",7
784,784,"dragon","kommo-o",False,False,"hakamo-o","408",7
785,785,"electric","tapu-koko",True,False,NULL,"409",7
786,786,"psychic","tapu-lele",True,False,NULL,"410",7
787,787,"grass","tapu-bulu",True,False,NULL,"411",7
788,788,"water","tapu-fini",True,False,NULL,"412",7
789,789,"psychic","cosmog",True,False,NULL,"413",7
790,790,"psychic","cosmoem",True,False,"cosmog","413",7
791,791,"psychic","solgaleo",True,False,"cosmoem","413",7
792,792,"psychic","lunala",True,False,"cosmoem","413",7
793,793,"rock","nihilego",False,False,NULL,"414",7
794,794,"bug","buzzwole",False,False,NULL,"415",7
795,795,"bug","pheromosa",False,False,NULL,"416",7
796,796,"electric","xurkitree",False,False,NULL,"417",7
797,797,"steel","celesteela",False,False,NULL,"418",7
798,798,"grass","kartana",False,False,NULL,"419",7
799,799,"dark","guzzlord",False,False,NULL,"420",7
800,800,"psychic","necrozma",True,False,NULL,"421",7
801,801,"steel","magearna",False,True,NULL,"422",7
802,802,"fighting","marshadow",False,True,NULL,"423",7
803,803,"poison","poipole",False,False,NULL,"424",7
804,804,"poison","naganadel",False,False,"poipole","424",7
805,805,"rock","stakataka",False,False,NULL,"425",7
806,806,"fire","blacephalon",False,False,NULL,"426",7
807,807,"electric","zeraora",False,True,NULL,"427",7
808,808,"steel","meltan",False,True,NULL,"428",7
809,809,"steel","melmetal",False,True,"meltan","429",7
810,810,"grass","grookey",False,False,NULL,"430",8
811,811,"grass","thwackey",False,False,"grookey","430",8
812,812,"grass","rillaboom",False,False,"thwackey","430",8
813,813,"fire","scorbunny",False,False,NULL,"431",8
814,814,"fire","raboot",False,False,"scorbunny","431",8
815,815,"fire","cinderace",False,False,"raboot","431",8
816,816,"water","sobble",False,False,NULL,"432",8
817,817,"water","drizzile",False,False,"sobble","432",8
818,818,"water","inteleon",False,False,"drizzile","432",8
819,819,"normal","skwovet",False,False,NULL,"433",8
820,820,"normal","greedent",False,False,"skwovet","433",8
821,821,"flying","rookidee",False,False,NULL,"434",8
822,822,"flying","corvisquire",False,False,"rookidee","434",8
823,823,"flying","corviknight",False,False,"corvisquire","434",8
824,824,"bug","blipbug",False,False,NULL,"435",8
825,825,"bug","dottler",False,False,"blipbug","435",8
826,826,"bug","orbeetle",False,False,"dottler","435",8
827,827,"dark","nickit",False,False,NULL,"436",8
828,828,"dark","thievul",False,False,"nickit","436",8
829,829,"grass","gossifleur",False,False,NULL,"437",8
830,830,"grass","eldegoss",False,False,"gossifleur","437",8
831,831,"normal","wooloo",False,False,NULL,"438",8
832,832,"normal","dubwool",False,False,"wooloo","438",8
833,833,"water","chewtle",False,False,NULL,"439",8
834,834,"water","drednaw",False,False,"chewtle","439",8
835,835,"electric","yamper",False,False,NULL,"440",8
836,836,"electric","boltund",False,False,"yamper","440",8
837,837,"rock","rolycoly",False,False,NULL,"441",8
838,838,"rock","carkol",False,False,"rolycoly","441",8
839,839,"rock","coalossal",False,False,"carkol","441",8
840,840,"grass","applin",False,False,NULL,"442",8
841,841,"grass","flapple",False,False,"applin","442",8
842,842,"grass","appletun",False,False,"applin","442",8
843,843,"ground","silicobra",False,False,NULL,"443",8
844,844,"ground","sandaconda",False,False,"silicobra","443",8
845,845,"flying","cramorant",False,False,NULL,"444",8
846,846,"water","arrokuda",False,False,NULL,"445",8
847,847,"water","barraskewda",False,False,"arrokuda","445",8
848,848,"electric","toxel",False,False,NULL,"446",8
849,849,"electric","toxtricity",False,False,"toxel","446",8
850,850,"fire","sizzlipede",False,False,NULL,"447",8
851,851,"fire","centiskorch",False,False,"sizzlipede","447",8
852,852,"fighting","clobbopus",False,False,NULL,"448",8
853,853,"fighting","grapploct",False,False,"clobbopus","448",8
854,854,"ghost","sinistea",False,False,NULL,"449",8
855,855,"ghost","polteageist",False,False,"sinistea","449",8
856,856,"psychic","hatenna",False,False,NULL,"450",8
857,857,"psychic","hattrem",False,False,"hatenna","450",8
858,858,"psychic","hatterene",False,False,"hattrem","450",8
859,859,"dark","impidimp",False,False,NULL,"451",8
860,860,"dark","morgrem",False,False,"impidimp","451",8
861,861,"dark","grimmsnarl",False,False,"morgrem","451",8
862,862,"dark","obstagoon",False,False,"linoone","134",8
863,863,"steel","perrserker",False,False,"meowth","22",8
864,864,"ghost","cursola",False,False,"corsola","113",8
865,865,"fighting","sirfetchd",False,False,"farfetchd","35",8
866,866,"ice","mr-rime",False,False,"mr-mime","57",8
867,867,"ground","runerigus",False,False,"yamask","287",8
868,868,"fairy","milcery",False,False,NULL,"452",8
869,869,"fairy","alcremie",False,False,"milcery","452",8
870,870,"fighting","falinks",False,False,NULL,"453",8
871,871,"electric","pincurchin",False,False,NULL,"454",8
872,872,"ice","snom",False,False,NULL,"455",8
873,873,"ice","frosmoth",False,False,"snom","455",8
874,874,"rock","stonjourner",False,False,NULL,"456",8
875,875,"ice","eiscue",False,False,NULL,"457",8
876,876,"psychic","indeedee",False,False,NULL,"458",8
877,877,"electric","morpeko",False,False,NULL,"459",8
878,878,"steel","cufant",False,False,NULL,"460",8
879,879,"steel","copperajah",False,False,"cufant","460",8
880,880,"electric","dracozolt",False,False,NULL,"461",8
881,881,"electric","arctozolt",False,False,NULL,"462",8
882,882,"water","dracovish",False,False,NULL,"463",8
883,883,"water","arctovish",False,False,NULL,"464",8
884,884,"steel","duraludon",False,False,NULL,"465",8
885,885,"dragon","dreepy",False,False,NULL,"466",8
886,886,"dragon","drakloak",False,False,"dreepy","466",8
887,887,"dragon","dragapult",False,False,"drakloak","466",8
888,888,"fairy","zacian",True,False,NULL,"467",8
889,889,"fighting","zamazenta",True,False,NULL,"468",8
890,890,"poison","eternatus",True,False,NULL,"469",8
891,891,"fighting","kubfu",True,False,NULL,"470",8
892,892,"fighting","urshifu",True,False,"kubfu","470",8
893,893,"dark","zarude",False,True,NULL,"471",8
894,894,"electric","regieleki",True,False,NULL,"472",8
895,895,"dragon","regidrago",True,False,NULL,"473",8
896,896,"ice","glastrier",True,False,NULL,"474",8
897,897,"ghost","spectrier",True,False,NULL,"475",8
898,898,"psychic","calyrex",True,False,NULL,"476",8
899,899,"normal","wyrdeer",False,False,"stantler","120",8
900,900,"bug","kleavor",False,False,"scyther","58",8
901,901,"ground","ursaluna",False,False,"ursaring","110",8
902,902,"water","basculegion",False,False,"basculin","280",8
903,903,"fighting","sneasler",False,False,"sneasel","109",8
904,904,"dark","overqwil",False,False,"qwilfish","106",8
905,905,"fairy","enamorus",True,False,NULL,"477",8
906,906,"grass","sprigatito",False,False,NULL,"478",9
907,907,"grass","floragato",False,False,"sprigatito","478",9
908,908,"grass","meowscarada",False,False,"floragato","478",9
909,909,"fire","fuecoco",False,False,NULL,"479",9
910,910,"fire","crocalor",False,False,"fuecoco","479",9
911,911,"fire","skeledirge",False,False,"crocalor","479",9
912,912,"water","quaxly",False,False,NULL,"480",9
913,913,"water","quaxwell",False,False,"quaxly","480",9
914,914,"water","quaquaval",False,False,"quaxwell","480",9
915,915,"normal","lechonk",False,False,NULL,"481",9
916,916,"normal","oinkologne",False,False,"lechonk","481",9
917,917,"bug","tarountula",False,False,NULL,"482",9
918,918,"bug","spidops",False,False,"tarountula","482",9
919,919,"bug","nymble",False,False,NULL,"483",9
920,920,"bug","lokix",False,False,"nymble","483",9
921,921,"electric","pawmi",False,False,NULL,"484",9
922,922,"electric","pawmo",False,False,"pawmi","484",9
923,923,"electric","pawmot",False,False,"pawmo","484",9
924,924,"normal","tandemaus",False,False,NULL,"485",9
925,925,"normal","maushold",False,False,"tandemaus","485",9
926,926,"fairy","fidough",False,False,NULL,"486",9
927,927,"fairy","dachsbun",False,False,"fidough","486",9
928,928,"grass","smoliv",False,False,NULL,"487",9
929,929,"grass","dolliv",False,False,"smoliv","487",9
930,930,"grass","arboliva",False,False,"dolliv","487",9
931,931,"normal","squawkabilly",False,False,NULL,"488",9
932,932,"rock","nacli",False,False,NULL,"489",9
933,933,"rock","naclstack",False,False,"nacli","489",9
934,934,"rock","garganacl",False,False,"naclstack","489",9
935,935,"fire","charcadet",False,False,NULL,"490",9
936,936,"fire","armarouge",False,False,"charcadet","490",9
937,937,"fire","ceruledge",False,False,"charcadet","490",9
938,938,"electric","tadbulb",False,False,NULL,"491",9
939,939,"electric","bellibolt",False,False,"tadbulb","491",9
940,940,"electric","wattrel",False,False,NULL,"492",9
941,941,"electric","kilowattrel",False,False,"wattrel","492",9
942,942,"dark","maschiff",False,False,NULL,"493",9
943,943,"dark","mabosstiff",False,False,"maschiff","493",9
944,944,"poison","shroodle",False,False,NULL,"494",9
945,945,"poison","grafaiai",False,False,"shroodle","494",9
946,946,"grass","bramblin",False,False,NULL,"495",9
947,947,"grass","brambleghast",False,False,"bramblin","495",9
948,948,"ground","toedscool",False,False,NULL,"496",9
949,949,"ground","toedscruel",False,False,"toedscool","496",9
950,950,"rock","klawf",False,False,NULL,"497",9
951,951,"grass","capsakid",False,False,NULL,"498",9
952,952,"grass","scovillain",False,False,"capsakid","498",9
953,953,"bug","rellor",False,False,NULL,"499",9
954,954,"bug","rabsca",False,False,"rellor","499",9
955,955,"psychic","flittle",False,False,NULL,"500",9
956,956,"psychic","espathra",False,False,"flittle","500",9
957,957,"fairy","tinkatink",False,False,NULL,"501",9
958,958,"fairy","tinkatuff",False,False,"tinkatink","501",9
959,959,"fairy","tinkaton",False,False,"tinkatuff","501",9
960,960,"water","wiglett",False,False,NULL,"502",9
961,961,"water","wugtrio",False,False,"wiglett","502",9
962,962,"flying","bombirdier",False,False,NULL,"503",9
963,963,"water","finizen",False,False,NULL,"504",9
964,964,"water","palafin",False,False,"finizen","504",9
965,965,"steel","varoom",False,False,NULL,"505",9
966,966,"steel","revavroom",False,False,"varoom","505",9
967,967,"dragon","cyclizar",False,False,NULL,"506",9
968,968,"steel","orthworm",False,False,NULL,"507",9
969,969,"rock","glimmet",False,False,NULL,"508",9
970,970,"rock","glimmora",False,False,"glimmet","508",9
971,971,"ghost","greavard",False,False,NULL,"509",9
972,972,"ghost","houndstone",False,False,"greavard","509",9
973,973,"flying","flamigo",False,False,NULL,"510",9
974,974,"ice","cetoddle",False,False,NULL,"511",9
975,975,"ice","cetitan",False,False,"cetoddle","511",9
976,976,"water","veluza",False,False,NULL,"512",9
977,977,"water","dondozo",False,False,NULL,"513",9
978,978,"dragon","tatsugiri",False,False,NULL,"514",9
979,979,"fighting","annihilape",False,False,"primeape","24",9
980,980,"poison","clodsire",False,False,"wooper","96",9
981,981,"normal","farigiraf",False,False,"girafarig","101",9
982,982,"normal","dudunsparce",False,False,"dunsparce","103",9
983,983,"dark","kingambit",False,False,"bisharp","317",9
984,984,"ground","great-tusk",False,False,NULL,"515",9
985,985,"fairy","scream-tail",False,False,NULL,"516",9
986,986,"grass","brute-bonnet",False,False,NULL,"517",9
987,987,"ghost","flutter-mane",False,False,NULL,"518",9
988,988,"bug","slither-wing",False,False,NULL,"519",9
989,989,"electric","sandy-shocks",False,False,NULL,"520",9
990,990,"ground","iron-treads",False,False,NULL,"521",9
991,991,"ice","iron-bundle",False,False,NULL,"522",9
992,992,"fighting","iron-hands",False,False,NULL,"523",9
993,993,"dark","iron-jugulis",False,False,NULL,"524",9
994,994,"fire","iron-moth",False,False,NULL,"525",9
995,995,"rock","iron-thorns",False,False,NULL,"526",9
996,996,"dragon","frigibax",False,False,NULL,"527",9
997,997,"dragon","arctibax",False,False,"frigibax","527",9
998,998,"dragon","baxcalibur",False,False,"arctibax","527",9
999,999,"ghost","gimmighoul",False,False,NULL,"528",9
1000,1000,"steel","gholdengo",False,False,"gimmighoul","528",9
1001,1001,"dark","wo-chien",True,False,NULL,"529",9
1002,1002,"dark","chien-pao",True,False,NULL,"530",9
1003,1003,"dark","ting-lu",True,False,NULL,"531",9
1004,1004,"dark","chi-yu",True,False,NULL,"532",9
1005,1005,"dragon","roaring-moon",False,False,NULL,"533",9
1006,1006,"fairy","iron-valiant",False,False,NULL,"534",9
1007,1007,"fighting","koraidon",True,False,NULL,"535",9
1008,1008,"electric","miraidon",True,False,NULL,"536",9
1009,1009,"water","walking-wake",False,False,NULL,"537",9
1010,1010,"grass","iron-leaves",False,False,NULL,"538",9
1011,1011,"grass","dipplin",False,False,"applin","442",9
1012,1012,"grass","poltchageist",False,False,NULL,"539",9
1013,1013,"grass","sinistcha",False,False,"poltchageist","539",9
1014,1014,"poison","okidogi",True,False,NULL,"540",9
1015,1015,"poison","munkidori",True,False,NULL,"541",9
1016,1016,"poison","fezandipiti",True,False,NULL,"542",9
1017,1017,"grass","ogerpon",True,False,NULL,"543",9
1018,1018,"steel","archaludon",False,False,"duraludon","465",9
1019,1019,"grass","hydrapple",False,False,"dipplin","442",9
1020,1020,"fire","gouging-fire",False,False,NULL,"544",9
1021,1021,"electric","raging-bolt",False,False,NULL,"545",9
1022,1022,"rock","iron-boulder",False,False,NULL,"547",9
1023,1023,"steel","iron-crown",False,False,NULL,"546",9
1024,1024,"normal","terapagos",True,False,NULL,"548",9
1025,1025,"poison","pecharunt",False,True,NULL,"549",9
1079,1,"poison","bulbasaur",False,False,NULL,"1",1
1080,2,"poison","ivysaur",False,False,"bulbasaur","1",1
1081,3,"poison","venusaur",False,False,"ivysaur","1",1
1082,6,"flying","charizard",False,False,"charmeleon","2",1
1083,12,"flying","butterfree",False,False,"metapod","4",1
1084,13,"poison","weedle",False,False,NULL,"5",1
1085,14,"poison","kakuna",False,False,"weedle","5",1
1086,15,"poison","beedrill",False,False,"kakuna","5",1
1087,16,"flying","pidgey",False,False,NULL,"6",1
1088,17,"flying","pidgeotto",False,False,"pidgey","6",1
1089,18,"flying","pidgeot",False,False,"pidgeotto","6",1
1090,21,"flying","spearow",False,False,NULL,"8",1
1091,22,"flying","fearow",False,False,"spearow","8",1
1092,31,"ground","nidoqueen",False,False,"nidorina","12",1
1093,34,"ground","nidoking",False,False,"nidorino","13",1
1094,39,"fairy","jigglypuff",False,False,"igglybuff","16",1
1095,40,"fairy","wigglytuff",False,False,"jigglypuff","16",1
1096,41,"flying","zubat",False,False,NULL,"17",1
1097,42,"flying","golbat",False,False,"zubat","17",1
1098,43,"poison","oddish",False,False,NULL,"18",1
1099,44,"poison","gloom",False,False,"oddish","18",1
1100,45,"poison","vileplume",False,False,"gloom","18",1
1101,46,"grass","paras",False,False,NULL,"19",1
1102,47,"grass","parasect",False,False,"paras","19",1
1103,48,"poison","venonat",False,False,NULL,"20",1
1104,49,"poison","venomoth",False,False,"venonat","20",1
1105,62,"fighting","poliwrath",False,False,"poliwhirl","26",1
1106,69,"poison","bellsprout",False,False,NULL,"29",1
1107,70,"poison","weepinbell",False,False,"bellsprout","29",1
1108,71,"poison","victreebel",False,False,"weepinbell","29",1
1109,72,"poison","tentacool",False,False,NULL,"30",1
1110,73,"poison","tentacruel",False,False,"tentacool","30",1
1111,74,"ground","geodude",False,False,NULL,"31",1
1112,75,"ground","graveler",False,False,"geodude","31",1
1113,76,"ground","golem",False,False,"graveler","31",1
1114,79,"psychic","slowpoke",False,False,NULL,"33",1
1115,80,"psychic","slowbro",False,False,"slowpoke","33",1
1116,81,"steel","magnemite",False,False,NULL,"34",1
1117,82,"steel","magneton",False,False,"magnemite","34",1
1118,83,"flying","farfetchd",False,False,NULL,"35",1
1119,84,"flying","doduo",False,False,NULL,"36",1
1120,85,"flying","dodrio",False,False,"doduo","36",1
1121,87,"ice","dewgong",False,False,"seel","37",1
1122,91,"ice","cloyster",False,False,"shellder","39",1
1123,92,"poison","gastly",False,False,NULL,"40",1
1124,93,"poison","haunter",False,False,"gastly","40",1
1125,94,"poison","gengar",False,False,"haunter","40",1
1126,95,"ground","onix",False,False,NULL,"41",1
1127,102,"psychic","exeggcute",False,False,NULL,"45",1
1128,103,"psychic","exeggutor",False,False,"exeggcute","45",1
1129,111,"rock","rhyhorn",False,False,NULL,"50",1
1130,112,"rock","rhydon",False,False,"rhyhorn","50",1
1131,121,"psychic","starmie",False,False,"staryu","56",1
1132,122,"fairy","mr-mime",False,False,"mime-jr","57",1
1133,123,"flying","scyther",False,False,NULL,"58",1
1134,124,"psychic","jynx",False,False,"smoochum","59",1
1135,130,"flying","gyarados",False,False,"magikarp","64",1
1136,131,"ice","lapras",False,False,NULL,"65",1
1137,138,"water","omanyte",False,False,NULL,"69",1
1138,139,"water","omastar",False,False,"omanyte","69",1
1139,140,"water","kabuto",False,False,NULL,"70",1
1140,141,"water","kabutops",False,False,"kabuto","70",1
1141,142,"flying","aerodactyl",False,False,NULL,"71",1
1142,144,"flying","articuno",True,False,NULL,"73",1
1143,145,"flying","zapdos",True,False,NULL,"74",1
1144,146,"flying","moltres",True,False,NULL,"75",1
1145,149,"flying","dragonite",False,False,"dragonair","76",1
1146,163,"flying","hoothoot",False,False,NULL,"83",2
1147,164,"flying","noctowl",False,False,"hoothoot","83",2
1148,165,"flying","ledyba",False,False,NULL,"84",2
1149,166,"flying","ledian",False,False,"ledyba","84",2
1150,167,"poison","spinarak",False,False,NULL,"85",2
1151,168,"poison","ariados",False,False,"spinarak","85",2
1152,169,"flying","crobat",False,False,"golbat","17",2
1153,170,"electric","chinchou",False,False,NULL,"86",2
1154,171,"electric","lanturn",False,False,"chinchou","86",2
1155,174,"fairy","igglybuff",False,False,NULL,"16",2
1156,176,"flying","togetic",False,False,"togepi","87",2
1157,177,"flying","natu",False,False,NULL,"88",2
1158,178,"flying","xatu",False,False,"natu","88",2
1159,183,"fairy","marill",False,False,"azurill","90",2
1160,184,"fairy","azumarill",False,False,"marill","90",2
1161,187,"flying","hoppip",False,False,NULL,"92",2
1162,188,"flying","skiploom",False,False,"hoppip","92",2
1163,189,"flying","jumpluff",False,False,"skiploom","92",2
1164,193,"flying","yanma",False,False,NULL,"95",2
1165,194,"ground","wooper",False,False,NULL,"96",2
1166,195,"ground","quagsire",False,False,"wooper","96",2
1167,198,"flying","murkrow",False,False,NULL,"97",2
1168,199,"psychic","slowking",False,False,"slowpoke","33",2
1169,203,"psychic","girafarig",False,False,NULL,"101",2
1170,205,"steel","forretress",False,False,"pineco","102",2
1171,207,"flying","gligar",False,False,NULL,"104",2
1172,208,"ground","steelix",False,False,"onix","41",2
1173,211,"poison","qwilfish",False,False,NULL,"106",2
1174,212,"steel","scizor",False,False,"scyther","58",2
1175,213,"rock","shuckle",False,False,NULL,"107",2
1176,214,"fighting","heracross",False,False,NULL,"108",2
1177,215,"ice","sneasel",False,False,NULL,"109",2
1178,219,"rock","magcargo",False,False,"slugma","111",2
1179,220,"ground","swinub",False,False,NULL,"112",2
1180,221,"ground","piloswine",False,False,"swinub","112",2
1181,222,"rock","corsola",False,False,NULL,"113",2
1182,225,"flying","delibird",False,False,NULL,"115",2
1183,226,"flying","mantine",False,False,"mantyke","116",2
1184,227,"flying","skarmory",False,False,NULL,"117",2
1185,228,"fire","houndour",False,False,NULL,"118",2
1186,229,"fire","houndoom",False,False,"houndour","118",2
1187,230,"dragon","kingdra",False,False,"seadra","54",2
1188,238,"psychic","smoochum",False,False,NULL,"59",2
1189,246,"ground","larvitar",False,False,NULL,"126",2
1190,247,"ground","pupitar",False,False,"larvitar","126",2
1191,248,"dark","tyranitar",False,False,"pupitar","126",2
1192,249,"flying","lugia",True,False,NULL,"127",2
1193,250,"flying","ho-oh",True,False,NULL,"128",2
1194,251,"grass","celebi",False,True,NULL,"129",2
1195,256,"fighting","combusken",False,False,"torchic","131",3
1196,257,"fighting","blaziken",False,False,"combusken","131",3
1197,259,"ground","marshtomp",False,False,"mudkip","132",3
1198,260,"ground","swampert",False,False,"marshtomp","132",3
1199,267,"flying","beautifly",False,False,"silcoon","135",3
1200,269,"poison","dustox",False,False,"cascoon","135",3
1201,270,"grass","lotad",False,False,NULL,"136",3
1202,271,"grass","lombre",False,False,"lotad","136",3
1203,272,"grass","ludicolo",False,False,"lombre","136",3
1204,274,"dark","nuzleaf",False,False,"seedot","137",3
1205,275,"dark","shiftry",False,False,"nuzleaf","137",3
1206,276,"flying","taillow",False,False,NULL,"138",3
1207,277,"flying","swellow",False,False,"taillow","138",3
1208,278,"flying","wingull",False,False,NULL,"139",3
1209,279,"flying","pelipper",False,False,"wingull","139",3
1210,280,"fairy","ralts",False,False,NULL,"140",3
1211,281,"fairy","kirlia",False,False,"ralts","140",3
1212,282,"fairy","gardevoir",False,False,"kirlia","140",3
1213,283,"water","surskit",False,False,NULL,"141",3
1214,284,"flying","masquerain",False,False,"surskit","141",3
1215,286,"fighting","breloom",False,False,"shroomish","142",3
1216,290,"ground","nincada",False,False,NULL,"144",3
1217,291,"flying","ninjask",False,False,"nincada","144",3
1218,292,"ghost","shedinja",False,False,"nincada","144",3
1219,298,"fairy","azurill",False,False,NULL,"90",3
1220,302,"ghost","sableye",False,False,NULL,"149",3
1221,303,"fairy","mawile",False,False,NULL,"150",3
1222,304,"rock","aron",False,False,NULL,"151",3
1223,305,"rock","lairon",False,False,"aron","151",3
1224,306,"rock","aggron",False,False,"lairon","151",3
1225,307,"psychic","meditite",False,False,NULL,"152",3
1226,308,"psychic","medicham",False,False,"meditite","152",3
1227,315,"poison","roselia",False,False,"budew","158",3
1228,318,"dark","carvanha",False,False,NULL,"160",3
1229,319,"dark","sharpedo",False,False,"carvanha","160",3
1230,322,"ground","numel",False,False,NULL,"162",3
1231,323,"ground","camerupt",False,False,"numel","162",3
1232,329,"dragon","vibrava",False,False,"trapinch","166",3
1233,330,"dragon","flygon",False,False,"vibrava","166",3
1234,332,"dark","cacturne",False,False,"cacnea","167",3
1235,333,"flying","swablu",False,False,NULL,"168",3
1236,334,"flying","altaria",False,False,"swablu","168",3
1237,337,"psychic","lunatone",False,False,NULL,"171",3
1238,338,"psychic","solrock",False,False,NULL,"172",3
1239,339,"ground","barboach",False,False,NULL,"173",3
1240,340,"ground","whiscash",False,False,"barboach","173",3
1241,342,"dark","crawdaunt",False,False,"corphish","174",3
1242,343,"psychic","baltoy",False,False,NULL,"175",3
1243,344,"psychic","claydol",False,False,"baltoy","175",3
1244,345,"grass","lileep",False,False,NULL,"176",3
1245,346,"grass","cradily",False,False,"lileep","176",3
1246,347,"bug","anorith",False,False,NULL,"177",3
1247,348,"bug","armaldo",False,False,"anorith","177",3
1248,357,"flying","tropius",False,False,NULL,"183",3
1249,363,"water","spheal",False,False,NULL,"187",3
1250,364,"water","sealeo",False,False,"spheal","187",3
1251,365,"water","walrein",False,False,"sealeo","187",3
1252,369,"rock","relicanth",False,False,NULL,"189",3
1253,373,"flying","salamence",False,False,"shelgon","191",3
1254,374,"psychic","beldum",False,False,NULL,"192",3
1255,375,"psychic","metang",False,False,"beldum","192",3
1256,376,"psychic","metagross",False,False,"metang","192",3
1257,380,"psychic","latias",True,False,NULL,"196",3
1258,381,"psychic","latios",True,False,NULL,"197",3
1259,384,"flying","rayquaza",True,False,NULL,"200",3
1260,385,"psychic","jirachi",False,True,NULL,"201",3
1261,389,"ground","torterra",False,False,"grotle","203",4
1262,391,"fighting","monferno",False,False,"chimchar","204",4
1263,392,"fighting","infernape",False,False,"monferno","204",4
1264,395,"steel","empoleon",False,False,"prinplup","205",4
1265,396,"flying","starly",False,False,NULL,"206",4
1266,397,"flying","staravia",False,False,"starly","206",4
1267,398,"flying","staraptor",False,False,"staravia","206",4
1268,400,"water","bibarel",False,False,"bidoof","207",4
1269,406,"poison","budew",False,False,NULL,"158",4
1270,407,"poison","roserade",False,False,"roselia","158",4
1271,410,"steel","shieldon",False,False,NULL,"212",4
1272,411,"steel","bastiodon",False,False,"shieldon","212",4
1273,413,"grass","wormadam",False,False,"burmy","213",4
1274,414,"flying","mothim",False,False,"burmy","213",4
1275,415,"flying","combee",False,False,NULL,"214",4
1276,416,"flying","vespiquen",False,False,"combee","214",4
1277,423,"ground","gastrodon",False,False,"shellos","218",4
1278,425,"flying","drifloon",False,False,NULL,"219",4
1279,426,"flying","drifblim",False,False,"drifloon","219",4
1280,430,"flying","honchkrow",False,False,"murkrow","97",4
1281,434,"dark","stunky",False,False,NULL,"223",4
1282,435,"dark","skuntank",False,False,"stunky","223",4
1283,436,"psychic","bronzor",False,False,NULL,"224",4
1284,437,"psychic","bronzong",False,False,"bronzor","224",4
1285,439,"fairy","mime-jr",False,False,NULL,"57",4
1286,441,"flying","chatot",False,False,NULL,"228",4
1287,442,"dark","spiritomb",False,False,NULL,"229",4
1288,443,"ground","gible",False,False,NULL,"230",4
1289,444,"ground","gabite",False,False,"gible","230",4
1290,445,"ground","garchomp",False,False,"gabite","230",4
1291,448,"steel","lucario",False,False,"riolu","232",4
1292,451,"bug","skorupi",False,False,NULL,"234",4
1293,452,"dark","drapion",False,False,"skorupi","234",4
1294,453,"fighting","croagunk",False,False,NULL,"235",4
1295,454,"fighting","toxicroak",False,False,"croagunk","235",4
1296,458,"flying","mantyke",False,False,NULL,"116",4
1297,459,"ice","snover",False,False,NULL,"239",4
1298,460,"ice","abomasnow",False,False,"snover","239",4
1299,461,"ice","weavile",False,False,"sneasel","109",4
1300,462,"steel","magnezone",False,False,"magneton","34",4
1301,464,"rock","rhyperior",False,False,"rhydon","50",4
1302,468,"flying","togekiss",False,False,"togetic","87",4
1303,469,"flying","yanmega",False,False,"yanma","95",4
1304,472,"flying","gliscor",False,False,"gligar","104",4
1305,473,"ground","mamoswine",False,False,"piloswine","112",4
1306,475,"fighting","gallade",False,False,"kirlia","140",4
1307,476,"steel","probopass",False,False,"nosepass","147",4
1308,478,"ghost","froslass",False,False,"snorunt","186",4
1309,479,"ghost","rotom",False,False,NULL,"240",4
1310,483,"dragon","dialga",True,False,NULL,"244",4
1311,484,"dragon","palkia",True,False,NULL,"245",4
1312,485,"steel","heatran",True,False,NULL,"246",4
1313,487,"dragon","giratina",True,False,NULL,"248",4
1314,494,"fire","victini",False,True,NULL,"255",5
1315,499,"fighting","pignite",False,False,"tepig","257",5
1316,500,"fighting","emboar",False,False,"pignite","257",5
1317,519,"flying","pidove",False,False,NULL,"266",5
1318,520,"flying","tranquill",False,False,"pidove","266",5
1319,521,"flying","unfezant",False,False,"tranquill","266",5
1320,527,"flying","woobat",False,False,NULL,"269",5
1321,528,"flying","swoobat",False,False,"woobat","269",5
1322,530,"steel","excadrill",False,False,"drilbur","270",5
1323,536,"ground","palpitoad",False,False,"tympole","273",5
1324,537,"ground","seismitoad",False,False,"palpitoad","273",5
1325,540,"grass","sewaddle",False,False,NULL,"276",5
1326,541,"grass","swadloon",False,False,"sewaddle","276",5
1327,542,"grass","leavanny",False,False,"swadloon","276",5
1328,543,"poison","venipede",False,False,NULL,"277",5
1329,544,"poison","whirlipede",False,False,"venipede","277",5
1330,545,"poison","scolipede",False,False,"whirlipede","277",5
1331,546,"fairy","cottonee",False,False,NULL,"278",5
1332,547,"fairy","whimsicott",False,False,"cottonee","278",5
1333,551,"dark","sandile",False,False,NULL,"281",5
1334,552,"dark","krokorok",False,False,"sandile","281",5
1335,553,"dark","krookodile",False,False,"krokorok","281",5
1336,557,"rock","dwebble",False,False,NULL,"284",5
1337,558,"rock","crustle",False,False,"dwebble","284",5
1338,559,"fighting","scraggy",False,False,NULL,"285",5
1339,560,"fighting","scrafty",False,False,"scraggy","285",5
1340,561,"flying","sigilyph",False,False,NULL,"286",5
1341,564,"rock","tirtouga",False,False,NULL,"288",5
1342,565,"rock","carracosta",False,False,"tirtouga","288",5
1343,566,"flying","archen",False,False,NULL,"289",5
1344,567,"flying","archeops",False,False,"archen","289",5
1345,580,"flying","ducklett",False,False,NULL,"295",5
1346,581,"flying","swanna",False,False,"ducklett","295",5
1347,585,"grass","deerling",False,False,NULL,"297",5
1348,586,"grass","sawsbuck",False,False,"deerling","297",5
1349,587,"flying","emolga",False,False,NULL,"298",5
1350,589,"steel","escavalier",False,False,"karrablast","299",5
1351,590,"poison","foongus",False,False,NULL,"300",5
1352,591,"poison","amoonguss",False,False,"foongus","300",5
1353,592,"ghost","frillish",False,False,NULL,"301",5
1354,593,"ghost","jellicent",False,False,"frillish","301",5
1355,595,"electric","joltik",False,False,NULL,"303",5
1356,596,"electric","galvantula",False,False,"joltik","303",5
1357,597,"steel","ferroseed",False,False,NULL,"304",5
1358,598,"steel","ferrothorn",False,False,"ferroseed","304",5
1359,607,"fire","litwick",False,False,NULL,"308",5
1360,608,"fire","lampent",False,False,"litwick","308",5
1361,609,"fire","chandelure",False,False,"lampent","308",5
1362,618,"electric","stunfisk",False,False,NULL,"313",5
1363,622,"ghost","golett",False,False,NULL,"316",5
1364,623,"ghost","golurk",False,False,"golett","316",5
1365,624,"steel","pawniard",False,False,NULL,"317",5
1366,625,"steel","bisharp",False,False,"pawniard","317",5
1367,627,"flying","rufflet",False,False,NULL,"319",5
1368,628,"flying","braviary",False,False,"rufflet","319",5
1369,629,"flying","vullaby",False,False,NULL,"320",5
1370,630,"flying","mandibuzz",False,False,"vullaby","320",5
1371,632,"steel","durant",False,False,NULL,"322",5
1372,633,"dragon","deino",False,False,NULL,"323",5
1373,634,"dragon","zweilous",False,False,"deino","323",5
1374,635,"dragon","hydreigon",False,False,"zweilous","323",5
1375,636,"fire","larvesta",False,False,NULL,"324",5
1376,637,"fire","volcarona",False,False,"larvesta","324",5
1377,638,"fighting","cobalion",True,False,NULL,"325",5
1378,639,"fighting","terrakion",True,False,NULL,"326",5
1379,640,"fighting","virizion",True,False,NULL,"327",5
1380,642,"flying","thundurus",True,False,NULL,"329",5
1381,643,"fire","reshiram",True,False,NULL,"330",5
1382,644,"electric","zekrom",True,False,NULL,"331",5
1383,645,"flying","landorus",True,False,NULL,"332",5
1384,646,"ice","kyurem",True,False,NULL,"333",5
1385,647,"fighting","keldeo",False,True,NULL,"334",5
1386,648,"psychic","meloetta",False,True,NULL,"335",5
1387,649,"steel","genesect",False,True,NULL,"336",5
1388,652,"fighting","chesnaught",False,False,"quilladin","337",6
1389,655,"psychic","delphox",False,False,"braixen","338",6
1390,658,"dark","greninja",False,False,"frogadier","339",6
1391,660,"ground","diggersby",False,False,"bunnelby","340",6
1392,661,"flying","fletchling",False,False,NULL,"341",6
1393,662,"flying","fletchinder",False,False,"fletchling","341",6
1394,663,"flying","talonflame",False,False,"fletchinder","341",6
1395,666,"flying","vivillon",False,False,"spewpa","342",6
1396,667,"normal","litleo",False,False,NULL,"343",6
1397,668,"normal","pyroar",False,False,"litleo","343",6
1398,675,"dark","pangoro",False,False,"pancham","346",6
1399,679,"ghost","honedge",False,False,NULL,"349",6
1400,680,"ghost","doublade",False,False,"honedge","349",6
1401,681,"ghost","aegislash",False,False,"doublade","349",6
1402,686,"psychic","inkay",False,False,NULL,"352",6
1403,687,"psychic","malamar",False,False,"inkay","352",6
1404,688,"water","binacle",False,False,NULL,"353",6
1405,689,"water","barbaracle",False,False,"binacle","353",6
1406,690,"water","skrelp",False,False,NULL,"354",6
1407,691,"dragon","dragalge",False,False,"skrelp","354",6
1408,694,"normal","helioptile",False,False,NULL,"356",6
1409,695,"normal","heliolisk",False,False,"helioptile","356",6
1410,696,"dragon","tyrunt",False,False,NULL,"357",6
1411,697,"dragon","tyrantrum",False,False,"tyrunt","357",6
1412,698,"ice","amaura",False,False,NULL,"358",6
1413,699,"ice","aurorus",False,False,"amaura","358",6
1414,701,"flying","hawlucha",False,False,NULL,"359",6
1415,702,"fairy","dedenne",False,False,NULL,"360",6
1416,703,"fairy","carbink",False,False,NULL,"361",6
1417,707,"fairy","klefki",False,False,NULL,"363",6
1418,708,"grass","phantump",False,False,NULL,"364",6
1419,709,"grass","trevenant",False,False,"phantump","364",6
1420,710,"grass","pumpkaboo",False,False,NULL,"365",6
1421,711,"grass","gourgeist",False,False,"pumpkaboo","365",6
1422,714,"dragon","noibat",False,False,NULL,"367",6
1423,715,"dragon","noivern",False,False,"noibat","367",6
1424,717,"flying","yveltal",True,False,NULL,"369",6
1425,718,"ground","zygarde",True,False,NULL,"370",6
1426,719,"fairy","diancie",False,True,NULL,"371",6
1427,720,"ghost","hoopa",False,True,NULL,"372",6
1428,721,"water","volcanion",False,True,NULL,"373",6
1429,722,"flying","rowlet",False,False,NULL,"374",7
1430,723,"flying","dartrix",False,False,"rowlet","374",7
1431,724,"ghost","decidueye",False,False,"dartrix","374",7
1432,727,"dark","incineroar",False,False,"torracat","375",7
1433,730,"fairy","primarina",False,False,"brionne","376",7
1434,731,"flying","pikipek",False,False,NULL,"377",7
1435,732,"flying","trumbeak",False,False,"pikipek","377",7
1436,733,"flying","toucannon",False,False,"trumbeak","377",7
1437,737,"electric","charjabug",False,False,"grubbin","379",7
1438,738,"electric","vikavolt",False,False,"charjabug","379",7
1439,740,"ice","crabominable",False,False,"crabrawler","380",7
1440,741,"flying","oricorio",False,False,NULL,"381",7
1441,742,"fairy","cutiefly",False,False,NULL,"382",7
1442,743,"fairy","ribombee",False,False,"cutiefly","382",7
1443,747,"water","mareanie",False,False,NULL,"385",7
1444,748,"water","toxapex",False,False,"mareanie","385",7
1445,751,"bug","dewpider",False,False,NULL,"387",7
1446,752,"bug","araquanid",False,False,"dewpider","387",7
1447,755,"fairy","morelull",False,False,NULL,"389",7
1448,756,"fairy","shiinotic",False,False,"morelull","389",7
1449,757,"fire","salandit",False,False,NULL,"390",7
1450,758,"fire","salazzle",False,False,"salandit","390",7
1451,759,"fighting","stufful",False,False,NULL,"391",7
1452,760,"fighting","bewear",False,False,"stufful","391",7
1453,765,"psychic","oranguru",False,False,NULL,"394",7
1454,767,"water","wimpod",False,False,NULL,"396",7
1455,768,"water","golisopod",False,False,"wimpod","396",7
1456,769,"ground","sandygast",False,False,NULL,"397",7
1457,770,"ground","palossand",False,False,"sandygast","397",7
1458,774,"flying","minior",False,False,NULL,"400",7
1459,776,"dragon","turtonator",False,False,NULL,"402",7
1460,777,"steel","togedemaru",False,False,NULL,"403",7
1461,778,"fairy","mimikyu",False,False,NULL,"404",7
1462,779,"psychic","bruxish",False,False,NULL,"405",7
1463,780,"dragon","drampa",False,False,NULL,"406",7
1464,781,"grass","dhelmise",False,False,NULL,"407",7
1465,783,"fighting","hakamo-o",False,False,"jangmo-o","408",7
1466,784,"fighting","kommo-o",False,False,"hakamo-o","408",7
1467,785,"fairy","tapu-koko",True,False,NULL,"409",7
1468,786,"fairy","tapu-lele",True,False,NULL,"410",7
1469,787,"fairy","tapu-bulu",True,False,NULL,"411",7
1470,788,"fairy","tapu-fini",True,False,NULL,"412",7
1471,791,"steel","solgaleo",True,False,"cosmoem","413",7
1472,792,"ghost","lunala",True,False,"cosmoem","413",7
1473,793,"poison","nihilego",False,False,NULL,"414",7
1474,794,"fighting","buzzwole",False,False,NULL,"415",7
1475,795,"fighting","pheromosa",False,False,NULL,"416",7
1476,797,"flying","celesteela",False,False,NULL,"418",7
1477,798,"steel","kartana",False,False,NULL,"419",7
1478,799,"dragon","guzzlord",False,False,NULL,"420",7
1479,801,"fairy","magearna",False,True,NULL,"422",7
1480,802,"ghost","marshadow",False,True,NULL,"423",7
1481,804,"dragon","naganadel",False,False,"poipole","424",7
1482,805,"steel","stakataka",False,False,NULL,"425",7
1483,806,"ghost","blacephalon",False,False,NULL,"426",7
1484,823,"steel","corviknight",False,False,"corvisquire","434",8
1485,825,"psychic","dottler",False,False,"blipbug","435",8
1486,826,"psychic","orbeetle",False,False,"dottler","435",8
1487,834,"rock","drednaw",False,False,"chewtle","439",8
1488,838,"fire","carkol",False,False,"rolycoly","441",8
1489,839,"fire","coalossal",False,False,"carkol","441",8
1490,840,"dragon","applin",False,False,NULL,"442",8
1491,841,"dragon","flapple",False,False,"applin","442",8
1492,842,"dragon","appletun",False,False,"applin","442",8
1493,845,"water","cramorant",False,False,NULL,"444",8
1494,848,"poison","toxel",False,False,NULL,"446",8
1495,849,"poison","toxtricity",False,False,"toxel","446",8
1496,850,"bug","sizzlipede",False,False,NULL,"447",8
1497,851,"bug","centiskorch",False,False,"sizzlipede","447",8
1498,858,"fairy","hatterene",False,False,"hattrem","450",8
1499,859,"fairy","impidimp",False,False,NULL,"451",8
1500,860,"fairy","morgrem",False,False,"impidimp","451",8
1501,861,"fairy","grimmsnarl",False,False,"morgrem","451",8
1502,862,"normal","obstagoon",False,False,"linoone","134",8
1503,866,"psychic","mr-rime",False,False,"mr-mime","57",8
1504,867,"ghost","runerigus",False,False,"yamask","287",8
1505,872,"bug","snom",False,False,NULL,"455",8
1506,873,"bug","frosmoth",False,False,"snom","455",8
1507,876,"normal","indeedee",False,False,NULL,"458",8
1508,877,"dark","morpeko",False,False,NULL,"459",8
1509,880,"dragon","dracozolt",False,False,NULL,"461",8
1510,881,"ice","arctozolt",False,False,NULL,"462",8
1511,882,"dragon","dracovish",False,False,NULL,"463",8
1512,883,"ice","arctovish",False,False,NULL,"464",8
1513,884,"dragon","duraludon",False,False,NULL,"465",8
1514,885,"ghost","dreepy",False,False,NULL,"466",8
1515,886,"ghost","drakloak",False,False,"dreepy","466",8
1516,887,"ghost","dragapult",False,False,"drakloak","466",8
1517,890,"dragon","eternatus",True,False,NULL,"469",8
1518,892,"dark","urshifu",True,False,"kubfu","470",8
1519,893,"grass","zarude",False,True,NULL,"471",8
1520,898,"grass","calyrex",True,False,NULL,"476",8
1521,899,"psychic","wyrdeer",False,False,"stantler","120",8
1522,900,"rock","kleavor",False,False,"scyther","58",8
1523,901,"normal","ursaluna",False,False,"ursaring","110",8
1524,902,"ghost","basculegion",False,False,"basculin","280",8
1525,903,"poison","sneasler",False,False,"sneasel","109",8
1526,904,"poison","overqwil",False,False,"qwilfish","106",8
1527,905,"flying","enamorus",True,False,NULL,"477",8
1528,908,"dark","meowscarada",False,False,"floragato","478",9
1529,911,"ghost","skeledirge",False,False,"crocalor","479",9
1530,914,"fighting","quaquaval",False,False,"quaxwell","480",9
1531,920,"dark","lokix",False,False,"nymble","483",9
1532,922,"fighting","pawmo",False,False,"pawmi","484",9
1533,923,"fighting","pawmot",False,False,"pawmo","484",9
1534,928,"normal","smoliv",False,False,NULL,"487",9
1535,929,"normal","dolliv",False,False,"smoliv","487",9
1536,930,"normal","arboliva",False,False,"dolliv","487",9
1537,931,"flying","squawkabilly",False,False,NULL,"488",9
1538,936,"psychic","armarouge",False,False,"charcadet","490",9
1539,937,"ghost","ceruledge",False,False,"charcadet","490",9
1540,940,"flying","wattrel",False,False,NULL,"492",9
1541,941,"flying","kilowattrel",False,False,"wattrel","492",9
1542,944,"normal","shroodle",False,False,NULL,"494",9
1543,945,"normal","grafaiai",False,False,"shroodle","494",9
1544,946,"ghost","bramblin",False,False,NULL,"495",9
1545,947,"ghost","brambleghast",False,False,"bramblin","495",9
1546,948,"grass","toedscool",False,False,NULL,"496",9
1547,949,"grass","toedscruel",False,False,"toedscool","496",9
1548,952,"fire","scovillain",False,False,"capsakid","498",9
1549,954,"psychic","rabsca",False,False,"rellor","499",9
1550,957,"steel","tinkatink",False,False,NULL,"501",9
1551,958,"steel","tinkatuff",False,False,"tinkatink","501",9
1552,959,"steel","tinkaton",False,False,"tinkatuff","501",9
1553,962,"dark","bombirdier",False,False,NULL,"503",9
1554,965,"poison","varoom",False,False,NULL,"505",9
1555,966,"poison","revavroom",False,False,"varoom","505",9
1556,967,"normal","cyclizar",False,False,NULL,"506",9
1557,969,"poison","glimmet",False,False,NULL,"508",9
1558,970,"poison","glimmora",False,False,"glimmet","508",9
1559,973,"fighting","flamigo",False,False,NULL,"510",9
1560,976,"psychic","veluza",False,False,NULL,"512",9
1561,978,"water","tatsugiri",False,False,NULL,"514",9
1562,979,"ghost","annihilape",False,False,"primeape","24",9
1563,980,"ground","clodsire",False,False,"wooper","96",9
1564,981,"psychic","farigiraf",False,False,"girafarig","101",9
1565,983,"steel","kingambit",False,False,"bisharp","317",9
1566,984,"fighting","great-tusk",False,False,NULL,"515",9
1567,985,"psychic","scream-tail",False,False,NULL,"516",9
1568,986,"dark","brute-bonnet",False,False,NULL,"517",9
1569,987,"fairy","flutter-mane",False,False,NULL,"518",9
1570,988,"fighting","slither-wing",False,False,NULL,"519",9
1571,989,"ground","sandy-shocks",False,False,NULL,"520",9
1572,990,"steel","iron-treads",False,False,NULL,"521",9
1573,991,"water","iron-bundle",False,False,NULL,"522",9
1574,992,"electric","iron-hands",False,False,NULL,"523",9
1575,993,"flying","iron-jugulis",False,False,NULL,"524",9
1576,994,"poison","iron-moth",False,False,NULL,"525",9
1577,995,"electric","iron-thorns",False,False,NULL,"526",9
1578,996,"ice","frigibax",False,False,NULL,"527",9
1579,997,"ice","arctibax",False,False,"frigibax","527",9
1580,998,"ice","baxcalibur",False,False,"arctibax","527",9
1581,1000,"ghost","gholdengo",False,False,"gimmighoul","528",9
1582,1001,"grass","wo-chien",True,False,NULL,"529",9
1583,1002,"ice","chien-pao",True,False,NULL,"530",9
1584,1003,"ground","ting-lu",True,False,NULL,"531",9
1585,1004,"fire","chi-yu",True,False,NULL,"532",9
1586,1005,"dark","roaring-moon",False,False,NULL,"533",9
1587,1006,"fighting","iron-valiant",False,False,NULL,"534",9
1588,1007,"dragon","koraidon",True,False,NULL,"535",9
1589,1008,"dragon","miraidon",True,False,NULL,"536",9
1590,1009,"dragon","walking-wake",False,False,NULL,"537",9
1591,1010,"psychic","iron-leaves",False,False,NULL,"538",9
1592,1011,"dragon","dipplin",False,False,"applin","442",9
1593,1012,"ghost","poltchageist",False,False,NULL,"539",9
1594,1013,"ghost","sinistcha",False,False,"poltchageist","539",9
1595,1014,"fighting","okidogi",True,False,NULL,"540",9
1596,1015,"psychic","munkidori",True,False,NULL,"541",9
1597,1016,"fairy","fezandipiti",True,False,NULL,"542",9
1598,1018,"dragon","archaludon",False,False,"duraludon","465",9
1599,1019,"dragon","hydrapple",False,False,"dipplin","442",9
1600,1020,"dragon","gouging-fire",False,False,NULL,"544",9
1601,1021,"dragon","raging-bolt",False,False,NULL,"545",9
1602,1022,"psychic","iron-boulder",False,False,NULL,"547",9
1603,1023,"psychic","iron-crown",False,False,NULL,"546",9
1604,1025,"ghost","pecharunt",False,True,NULL,"549",9
