"unique_id","pokemon_id","type","name","hp","attack","defense","special_attack","special_defense","speed","total_stats"
1,1,"grass","bulbasaur",45,49,49,65,65,45,318
2,2,"grass","ivysaur",60,62,63,80,80,60,405
3,3,"grass","venusaur",80,82,83,100,100,80,525
4,4,"fire","charmander",39,52,43,60,50,65,309
5,5,"fire","charmeleon",58,64,58,80,65,80,405
6,6,"fire","charizard",78,84,78,109,85,100,534
7,7,"water","squirtle",44,48,65,50,64,43,314
8,8,"water","wartortle",59,63,80,65,80,58,405
9,9,"water","blastoise",79,83,100,85,105,78,530
10,10,"bug","caterpie",45,30,35,20,20,45,195
11,11,"bug","metapod",50,20,55,25,25,30,205
12,12,"bug","butterfree",60,45,50,90,80,70,395
13,13,"bug","weedle",40,35,30,20,20,50,195
14,14,"bug","kakuna",45,25,50,25,25,35,205
15,15,"bug","beedrill",65,90,40,45,80,75,395
16,16,"normal","pidgey",40,45,40,35,35,56,251
17,17,"normal","pidgeotto",63,60,55,50,50,71,349
18,18,"normal","pidgeot",83,80,75,70,70,101,479
19,19,"normal","rattata",30,56,35,25,35,72,253
20,20,"normal","raticate",55,81,60,50,70,97,413
21,21,"normal","spearow",40,60,30,31,31,70,262
22,22,"normal","fearow",65,90,65,61,61,100,442
23,23,"poison","ekans",35,60,44,40,54,55,288
24,24,"poison","arbok",60,95,69,65,79,80,448
25,25,"electric","pikachu",35,55,40,50,50,90,320
26,26,"electric","raichu",60,90,55,90,80,110,485
27,27,"ground","sandshrew",50,75,85,20,30,40,300
28,28,"ground","sandslash",75,100,110,45,55,65,450
29,29,"poison","nidoran-f",55,47,52,40,40,41,275
30,30,"poison","nidorina",70,62,67,55,55,56,365
31,31,"poison","nidoqueen",90,92,87,75,85,76,505
32,32,"poison","nidoran-m",46,57,40,40,40,50,273
33,33,"poison","nidorino",61,72,57,55,55,65,365
34,34,"poison","nidoking",81,102,77,85,75,85,505
35,35,"fairy","clefairy",70,45,48,60,65,35,323
36,36,"fairy","clefable",95,70,73,95,90,60,483
37,37,"fire","vulpix",38,41,40,50,65,65,299
38,38,"fire","ninetales",73,76,75,81,100,100,505
39,39,"normal","jigglypuff",115,45,20,45,25,20,270
40,40,"normal","wigglytuff",140,70,45,85,50,45,435
41,41,"poison","zubat",40,45,35,30,40,55,245
42,42,"poison","golbat",75,80,70,65,75,90,455
43,43,"grass","oddish",45,50,55,75,65,30,320
44,44,"grass","gloom",60,65,70,85,75,40,395
45,45,"grass","vileplume",75,80,85,110,90,50,490
46,46,"bug","paras",35,70,55,45,55,25,285
47,47,"bug","parasect",60,95,80,60,80,30,405
48,48,"bug","venonat",60,55,50,40,55,45,305
49,49,"bug","venomoth",70,65,60,90,75,90,450
50,50,"ground","diglett",10,55,25,35,45,95,265
51,51,"ground","dugtrio",35,100,50,50,70,120,425
52,52,"normal","meowth",40,45,35,40,40,90,290
53,53,"normal","persian",65,70,60,65,65,115,440
54,54,"water","psyduck",50,52,48,65,50,55,320
55,55,"water","golduck",80,82,78,95,80,85,500
56,56,"fighting","mankey",40,80,35,35,45,70,305
57,57,"fighting","primeape",65,105,60,60,70,95,455
58,58,"fire","growlithe",55,70,45,70,50,60,350
59,59,"fire","arcanine",90,110,80,100,80,95,555
60,60,"water","poliwag",40,50,40,40,40,90,300
61,61,"water","poliwhirl",65,65,65,50,50,90,385
62,62,"water","poliwrath",90,95,95,70,90,70,510
63,63,"psychic","abra",25,20,15,105,55,90,310
64,64,"psychic","kadabra",40,35,30,120,70,105,400
65,65,"psychic","alakazam",55,50,45,135,95,120,500
66,66,"fighting","machop",70,80,50,35,35,35,305
67,67,"fighting","machoke",80,100,70,50,60,45,405
68,68,"fighting","machamp",90,130,80,65,85,55,505
69,69,"grass","bellsprout",50,75,35,70,30,40,300
70,70,"grass","weepinbell",65,90,50,85,45,55,390
71,71,"grass","victreebel",80,105,65,100,70,70,490
72,72,"water","tentacool",40,40,35,50,100,70,335
73,73,"water","tentacruel",80,70,65,80,120,100,515
74,74,"rock","geodude",40,80,100,30,30,20,300
75,75,"rock","graveler",55,95,115,45,45,35,390
76,76,"rock","golem",80,120,130,55,65,45,495
77,77,"fire","ponyta",50,85,55,65,65,90,410
78,78,"fire","rapidash",65,100,70,80,80,105,500
79,79,"water","slowpoke",90,65,65,40,40,15,315
80,80,"water","slowbro",95,75,110,100,80,30,490
81,81,"electric","magnemite",25,35,70,95,55,45,325
82,82,"electric","magneton",50,60,95,120,70,70,465
83,83,"normal","farfetchd",52,90,55,58,62,60,377
84,84,"normal","doduo",35,85,45,35,35,75,310
85,85,"normal","dodrio",60,110,70,60,60,110,470
86,86,"water","seel",65,45,55,45,70,45,325
87,87,"water","dewgong",90,70,80,70,95,70,475
88,88,"poison","grimer",80,80,50,40,50,25,325
89,89,"poison","muk",105,105,75,65,100,50,500
90,90,"water","shellder",30,65,100,45,25,40,305
91,91,"water","cloyster",50,95,180,85,45,70,525
92,92,"ghost","gastly",30,35,30,100,35,80,310
93,93,"ghost","haunter",45,50,45,115,55,95,405
94,94,"ghost","gengar",60,65,60,130,75,110,500
95,95,"rock","onix",35,45,160,30,45,70,385
96,96,"psychic","drowzee",60,48,45,43,90,42,328
97,97,"psychic","hypno",85,73,70,73,115,67,483
98,98,"water","krabby",30,105,90,25,25,50,325
99,99,"water","kingler",55,130,115,50,50,75,475
100,100,"electric","voltorb",40,30,50,55,55,100,330
101,101,"electric","electrode",60,50,70,80,80,150,490
102,102,"grass","exeggcute",60,40,80,60,45,40,325
103,103,"grass","exeggutor",95,95,85,125,75,55,530
104,104,"ground","cubone",50,50,95,40,50,35,320
105,105,"ground","marowak",60,80,110,50,80,45,425
106,106,"fighting","hitmonlee",50,120,53,35,110,87,455
107,107,"fighting","hitmonchan",50,105,79,35,110,76,455
108,108,"normal","lickitung",90,55,75,60,75,30,385
109,109,"poison","koffing",40,65,95,60,45,35,340
110,110,"poison","weezing",65,90,120,85,70,60,490
111,111,"ground","rhyhorn",80,85,95,30,30,25,345
112,112,"ground","rhydon",105,130,120,45,45,40,485
113,113,"normal","chansey",250,5,5,35,105,50,450
114,114,"grass","tangela",65,55,115,100,40,60,435
115,115,"normal","kangaskhan",105,95,80,40,80,90,490
116,116,"water","horsea",30,40,70,70,25,60,295
117,117,"water","seadra",55,65,95,95,45,85,440
118,118,"water","goldeen",45,67,60,35,50,63,320
119,119,"water","seaking",80,92,65,65,80,68,450
120,120,"water","staryu",30,45,55,70,55,85,340
121,121,"water","starmie",60,75,85,100,85,115,520
122,122,"psychic","mr-mime",40,45,65,100,120,90,460
123,123,"bug","scyther",70,110,80,55,80,105,500
124,124,"ice","jynx",65,50,35,115,95,95,455
125,125,"electric","electabuzz",65,83,57,95,85,105,490
126,126,"fire","magmar",65,95,57,100,85,93,495
127,127,"bug","pinsir",65,125,100,55,70,85,500
128,128,"normal","tauros",75,100,95,40,70,110,490
129,129,"water","magikarp",20,10,55,15,20,80,200
130,130,"water","gyarados",95,125,79,60,100,81,540
131,131,"water","lapras",130,85,80,85,95,60,535
132,132,"normal","ditto",48,48,48,48,48,48,288
133,133,"normal","eevee",55,55,50,45,65,55,325
134,134,"water","vaporeon",130,65,60,110,95,65,525
135,135,"electric","jolteon",65,65,60,110,95,130,525
136,136,"fire","flareon",65,130,60,95,110,65,525
137,137,"normal","porygon",65,60,70,85,75,40,395
138,138,"rock","omanyte",35,40,100,90,55,35,355
139,139,"rock","omastar",70,60,125,115,70,55,495
140,140,"rock","kabuto",30,80,90,55,45,55,355
141,141,"rock","kabutops",60,115,105,65,70,80,495
142,142,"rock","aerodactyl",80,105,65,60,75,130,515
143,143,"normal","snorlax",160,110,65,65,110,30,540
144,144,"ice","articuno",90,85,100,95,125,85,580
145,145,"electric","zapdos",90,90,85,125,90,100,580
146,146,"fire","moltres",90,100,90,125,85,90,580
147,147,"dragon","dratini",41,64,45,50,50,50,300
148,148,"dragon","dragonair",61,84,65,70,70,70,420
149,149,"dragon","dragonite",91,134,95,100,100,80,600
150,150,"psychic","mewtwo",106,110,90,154,90,130,680
151,151,"psychic","mew",100,100,100,100,100,100,600
152,152,"grass","chikorita",45,49,65,49,65,45,318
153,153,"grass","bayleef",60,62,80,63,80,60,405
154,154,"grass","meganium",80,82,100,83,100,80,525
155,155,"fire","cyndaquil",39,52,43,60,50,65,309
156,156,"fire","quilava",58,64,58,80,65,80,405
157,157,"fire","typhlosion",78,84,78,109,85,100,534
158,158,"water","totodile",50,65,64,44,48,43,314
159,159,"water","croconaw",65,80,80,59,63,58,405
160,160,"water","feraligatr",85,105,100,79,83,78,530
161,161,"normal","sentret",35,46,34,35,45,20,215
162,162,"normal","furret",85,76,64,45,55,90,415
163,163,"normal","hoothoot",60,30,30,36,56,50,262
164,164,"normal","noctowl",100,50,50,86,96,70,452
165,165,"bug","ledyba",40,20,30,40,80,55,265
166,166,"bug","ledian",55,35,50,55,110,85,390
167,167,"bug","spinarak",40,60,40,40,40,30,250
168,168,"bug","ariados",70,90,70,60,70,40,400
169,169,"poison","crobat",85,90,80,70,80,130,535
170,170,"water","chinchou",75,38,38,56,56,67,330
171,171,"water","lanturn",125,58,58,76,76,67,460
172,172,"electric","pichu",20,40,15,35,35,60,205
173,173,"fairy","cleffa",50,25,28,45,55,15,218
174,174,"normal","igglybuff",90,30,15,40,20,15,210
175,175,"fairy","togepi",35,20,65,40,65,20,245
176,176,"fairy","togetic",55,40,85,80,105,40,405
177,177,"psychic","natu",40,50,45,70,45,70,320
178,178,"psychic","xatu",65,75,70,95,70,95,470
179,179,"electric","mareep",55,40,40,65,45,35,280
180,180,"electric","flaaffy",70,55,55,80,60,45,365
181,181,"electric","ampharos",90,75,85,115,90,55,510
182,182,"grass","bellossom",75,80,95,90,100,50,490
183,183,"water","marill",70,20,50,20,50,40,250
184,184,"water","azumarill",100,50,80,60,80,50,420
185,185,"rock","sudowoodo",70,100,115,30,65,30,410
186,186,"water","politoed",90,75,75,90,100,70,500
187,187,"grass","hoppip",35,35,40,35,55,50,250
188,188,"grass","skiploom",55,45,50,45,65,80,340
189,189,"grass","jumpluff",75,55,70,55,95,110,460
190,190,"normal","aipom",55,70,55,40,55,85,360
191,191,"grass","sunkern",30,30,30,30,30,30,180
192,192,"grass","sunflora",75,75,55,105,85,30,425
193,193,"bug","yanma",65,65,45,75,45,95,390
194,194,"water","wooper",55,45,45,25,25,15,210
195,195,"water","quagsire",95,85,85,65,65,35,430
196,196,"psychic","espeon",65,65,60,130,95,110,525
197,197,"dark","umbreon",95,65,110,60,130,65,525
198,198,"dark","murkrow",60,85,42,85,42,91,405
199,199,"water","slowking",95,75,80,100,110,30,490
200,200,"ghost","misdreavus",60,60,60,85,85,85,435
201,201,"psychic","unown",48,72,48,72,48,48,336
202,202,"psychic","wobbuffet",190,33,58,33,58,33,405
203,203,"normal","girafarig",70,80,65,90,65,85,455
204,204,"bug","pineco",50,65,90,35,35,15,290
205,205,"bug","forretress",75,90,140,60,60,40,465
206,206,"normal","dunsparce",100,70,70,65,65,45,415
207,207,"ground","gligar",65,75,105,35,65,85,430
208,208,"steel","steelix",75,85,200,55,65,30,510
209,209,"fairy","snubbull",60,80,50,40,40,30,300
210,210,"fairy","granbull",90,120,75,60,60,45,450
211,211,"water","qwilfish",65,95,85,55,55,85,440
212,212,"bug","scizor",70,130,100,55,80,65,500
213,213,"bug","shuckle",20,10,230,10,230,5,505
214,214,"bug","heracross",80,125,75,40,95,85,500
215,215,"dark","sneasel",55,95,55,35,75,115,430
216,216,"normal","teddiursa",60,80,50,50,50,40,330
217,217,"normal","ursaring",90,130,75,75,75,55,500
218,218,"fire","slugma",40,40,40,70,40,20,250
219,219,"fire","magcargo",60,50,120,90,80,30,430
220,220,"ice","swinub",50,50,40,30,30,50,250
221,221,"ice","piloswine",100,100,80,60,60,50,450
222,222,"water","corsola",65,55,95,65,95,35,410
223,223,"water","remoraid",35,65,35,65,35,65,300
224,224,"water","octillery",75,105,75,105,75,45,480
225,225,"ice","delibird",45,55,45,65,45,75,330
226,226,"water","mantine",85,40,70,80,140,70,485
227,227,"steel","skarmory",65,80,140,40,70,70,465
228,228,"dark","houndour",45,60,30,80,50,65,330
229,229,"dark","houndoom",75,90,50,110,80,95,500
230,230,"water","kingdra",75,95,95,95,95,85,540
231,231,"ground","phanpy",90,60,60,40,40,40,330
232,232,"ground","donphan",90,120,120,60,60,50,500
233,233,"normal","porygon2",85,80,90,105,95,60,515
234,234,"normal","stantler",73,95,62,85,65,85,465
235,235,"normal","smeargle",55,20,35,20,45,75,250
236,236,"fighting","tyrogue",35,35,35,35,35,35,210
237,237,"fighting","hitmontop",50,95,95,35,110,70,455
238,238,"ice","smoochum",45,30,15,85,65,65,305
239,239,"electric","elekid",45,63,37,65,55,95,360
240,240,"fire","magby",45,75,37,70,55,83,365
241,241,"normal","miltank",95,80,105,40,70,100,490
242,242,"normal","blissey",255,10,10,75,135,55,540
243,243,"electric","raikou",90,85,75,115,100,115,580
244,244,"fire","entei",115,115,85,90,75,100,580
245,245,"water","suicune",100,75,115,90,115,85,580
246,246,"rock","larvitar",50,64,50,45,50,41,300
247,247,"rock","pupitar",70,84,70,65,70,51,410
248,248,"rock","tyranitar",100,134,110,95,100,61,600
249,249,"psychic","lugia",106,90,130,90,154,110,680
250,250,"fire","ho-oh",106,130,90,110,154,90,680
251,251,"psychic","celebi",100,100,100,100,100,100,600
252,252,"grass","treecko",40,45,35,65,55,70,310
253,253,"grass","grovyle",50,65,45,85,65,95,405
254,254,"grass","sceptile",70,85,65,105,85,120,530
255,255,"fire","torchic",45,60,40,70,50,45,310
256,256,"fire","combusken",60,85,60,85,60,55,405
257,257,"fire","blaziken",80,120,70,110,70,80,530
258,258,"water","mudkip",50,70,50,50,50,40,310
259,259,"water","marshtomp",70,85,70,60,70,50,405
260,260,"water","swampert",100,110,90,85,90,60,535
261,261,"dark","poochyena",35,55,35,30,30,35,220
262,262,"dark","mightyena",70,90,70,60,60,70,420
263,263,"normal","zigzagoon",38,30,41,30,41,60,240
264,264,"normal","linoone",78,70,61,50,61,100,420
265,265,"bug","wurmple",45,45,35,20,30,20,195
266,266,"bug","silcoon",50,35,55,25,25,15,205
267,267,"bug","beautifly",60,70,50,100,50,65,395
268,268,"bug","cascoon",50,35,55,25,25,15,205
269,269,"bug","dustox",60,50,70,50,90,65,385
270,270,"water","lotad",40,30,30,40,50,30,220
271,271,"water","lombre",60,50,50,60,70,50,340
272,272,"water","ludicolo",80,70,70,90,100,70,480
273,273,"grass","seedot",40,40,50,30,30,30,220
274,274,"grass","nuzleaf",70,70,40,60,40,60,340
275,275,"grass","shiftry",90,100,60,90,60,80,480
276,276,"normal","taillow",40,55,30,30,30,85,270
277,277,"normal","swellow",60,85,60,75,50,125,455
278,278,"water","wingull",40,30,30,55,30,85,270
279,279,"water","pelipper",60,50,100,95,70,65,440
280,280,"psychic","ralts",28,25,25,45,35,40,198
281,281,"psychic","kirlia",38,35,35,65,55,50,278
282,282,"psychic","gardevoir",68,65,65,125,115,80,518
283,283,"bug","surskit",40,30,32,50,52,65,269
284,284,"bug","masquerain",70,60,62,100,82,80,454
285,285,"grass","shroomish",60,40,60,40,60,35,295
286,286,"grass","breloom",60,130,80,60,60,70,460
287,287,"normal","slakoth",60,60,60,35,35,30,280
288,288,"normal","vigoroth",80,80,80,55,55,90,440
289,289,"normal","slaking",150,160,100,95,65,100,670
290,290,"bug","nincada",31,45,90,30,30,40,266
291,291,"bug","ninjask",61,90,45,50,50,160,456
292,292,"bug","shedinja",1,90,45,30,30,40,236
293,293,"normal","whismur",64,51,23,51,23,28,240
294,294,"normal","loudred",84,71,43,71,43,48,360
295,295,"normal","exploud",104,91,63,91,73,68,490
296,296,"fighting","makuhita",72,60,30,20,30,25,237
297,297,"fighting","hariyama",144,120,60,40,60,50,474
298,298,"normal","azurill",50,20,40,20,40,20,190
299,299,"rock","nosepass",30,45,135,45,90,30,375
300,300,"normal","skitty",50,45,45,35,35,50,260
301,301,"normal","delcatty",70,65,65,55,55,90,400
302,302,"dark","sableye",50,75,75,65,65,50,380
303,303,"steel","mawile",50,85,85,55,55,50,380
304,304,"steel","aron",50,70,100,40,40,30,330
305,305,"steel","lairon",60,90,140,50,50,40,430
306,306,"steel","aggron",70,110,180,60,60,50,530
307,307,"fighting","meditite",30,40,55,40,55,60,280
308,308,"fighting","medicham",60,60,75,60,75,80,410
309,309,"electric","electrike",40,45,40,65,40,65,295
310,310,"electric","manectric",70,75,60,105,60,105,475
311,311,"electric","plusle",60,50,40,85,75,95,405
312,312,"electric","minun",60,40,50,75,85,95,405
313,313,"bug","volbeat",65,73,75,47,85,85,430
314,314,"bug","illumise",65,47,75,73,85,85,430
315,315,"grass","roselia",50,60,45,100,80,65,400
316,316,"poison","gulpin",70,43,53,43,53,40,302
317,317,"poison","swalot",100,73,83,73,83,55,467
318,318,"water","carvanha",45,90,20,65,20,65,305
319,319,"water","sharpedo",70,120,40,95,40,95,460
320,320,"water","wailmer",130,70,35,70,35,60,400
321,321,"water","wailord",170,90,45,90,45,60,500
322,322,"fire","numel",60,60,40,65,45,35,305
323,323,"fire","camerupt",70,100,70,105,75,40,460
324,324,"fire","torkoal",70,85,140,85,70,20,470
325,325,"psychic","spoink",60,25,35,70,80,60,330
326,326,"psychic","grumpig",80,45,65,90,110,80,470
327,327,"normal","spinda",60,60,60,60,60,60,360
328,328,"ground","trapinch",45,100,45,45,45,10,290
329,329,"ground","vibrava",50,70,50,50,50,70,340
330,330,"ground","flygon",80,100,80,80,80,100,520
331,331,"grass","cacnea",50,85,40,85,40,35,335
332,332,"grass","cacturne",70,115,60,115,60,55,475
333,333,"normal","swablu",45,40,60,40,75,50,310
334,334,"dragon","altaria",75,70,90,70,105,80,490
335,335,"normal","zangoose",73,115,60,60,60,90,458
336,336,"poison","seviper",73,100,60,100,60,65,458
337,337,"rock","lunatone",90,55,65,95,85,70,460
338,338,"rock","solrock",90,95,85,55,65,70,460
339,339,"water","barboach",50,48,43,46,41,60,288
340,340,"water","whiscash",110,78,73,76,71,60,468
341,341,"water","corphish",43,80,65,50,35,35,308
342,342,"water","crawdaunt",63,120,85,90,55,55,468
343,343,"ground","baltoy",40,40,55,40,70,55,300
344,344,"ground","claydol",60,70,105,70,120,75,500
345,345,"rock","lileep",66,41,77,61,87,23,355
346,346,"rock","cradily",86,81,97,81,107,43,495
347,347,"rock","anorith",45,95,50,40,50,75,355
348,348,"rock","armaldo",75,125,100,70,80,45,495
349,349,"water","feebas",20,15,20,10,55,80,200
350,350,"water","milotic",95,60,79,100,125,81,540
351,351,"normal","castform",70,70,70,70,70,70,420
352,352,"normal","kecleon",60,90,70,60,120,40,440
353,353,"ghost","shuppet",44,75,35,63,33,45,295
354,354,"ghost","banette",64,115,65,83,63,65,455
355,355,"ghost","duskull",20,40,90,30,90,25,295
356,356,"ghost","dusclops",40,70,130,60,130,25,455
357,357,"grass","tropius",99,68,83,72,87,51,460
358,358,"psychic","chimecho",75,50,80,95,90,65,455
359,359,"dark","absol",65,130,60,75,60,75,465
360,360,"psychic","wynaut",95,23,48,23,48,23,260
361,361,"ice","snorunt",50,50,50,50,50,50,300
362,362,"ice","glalie",80,80,80,80,80,80,480
363,363,"ice","spheal",70,40,50,55,50,25,290
364,364,"ice","sealeo",90,60,70,75,70,45,410
365,365,"ice","walrein",110,80,90,95,90,65,530
366,366,"water","clamperl",35,64,85,74,55,32,345
367,367,"water","huntail",55,104,105,94,75,52,485
368,368,"water","gorebyss",55,84,105,114,75,52,485
369,369,"water","relicanth",100,90,130,45,65,55,485
370,370,"water","luvdisc",43,30,55,40,65,97,330
371,371,"dragon","bagon",45,75,60,40,30,50,300
372,372,"dragon","shelgon",65,95,100,60,50,50,420
373,373,"dragon","salamence",95,135,80,110,80,100,600
374,374,"steel","beldum",40,55,80,35,60,30,300
375,375,"steel","metang",60,75,100,55,80,50,420
376,376,"steel","metagross",80,135,130,95,90,70,600
377,377,"rock","regirock",80,100,200,50,100,50,580
378,378,"ice","regice",80,50,100,100,200,50,580
379,379,"steel","registeel",80,75,150,75,150,50,580
380,380,"dragon","latias",80,80,90,110,130,110,600
381,381,"dragon","latios",80,90,80,130,110,110,600
382,382,"water","kyogre",100,100,90,150,140,90,670
383,383,"ground","groudon",100,150,140,100,90,90,670
384,384,"dragon","rayquaza",105,150,90,150,90,95,680
385,385,"steel","jirachi",100,100,100,100,100,100,600
386,386,"psychic","deoxys-normal",50,150,50,150,50,150,600
387,387,"grass","turtwig",55,68,64,45,55,31,318
388,388,"grass","grotle",75,89,85,55,65,36,405
389,389,"grass","torterra",95,109,105,75,85,56,525
390,390,"fire","chimchar",44,58,44,58,44,61,309
391,391,"fire","monferno",64,78,52,78,52,81,405
392,392,"fire","infernape",76,104,71,104,71,108,534
393,393,"water","piplup",53,51,53,61,56,40,314
394,394,"water","prinplup",64,66,68,81,76,50,405
395,395,"water","empoleon",84,86,88,111,101,60,530
396,396,"normal","starly",40,55,30,30,30,60,245
397,397,"normal","staravia",55,75,50,40,40,80,340
398,398,"normal","staraptor",85,120,70,50,60,100,485
399,399,"normal","bidoof",59,45,40,35,40,31,250
400,400,"normal","bibarel",79,85,60,55,60,71,410
401,401,"bug","kricketot",37,25,41,25,41,25,194
402,402,"bug","kricketune",77,85,51,55,51,65,384
403,403,"electric","shinx",45,65,34,40,34,45,263
404,404,"electric","luxio",60,85,49,60,49,60,363
405,405,"electric","luxray",80,120,79,95,79,70,523
406,406,"grass","budew",40,30,35,50,70,55,280
407,407,"grass","roserade",60,70,65,125,105,90,515
408,408,"rock","cranidos",67,125,40,30,30,58,350
409,409,"rock","rampardos",97,165,60,65,50,58,495
410,410,"rock","shieldon",30,42,118,42,88,30,350
411,411,"rock","bastiodon",60,52,168,47,138,30,495
412,412,"bug","burmy",40,29,45,29,45,36,224
413,413,"bug","wormadam-plant",60,59,85,79,105,36,424
414,414,"bug","mothim",70,94,50,94,50,66,424
415,415,"bug","combee",30,30,42,30,42,70,244
416,416,"bug","vespiquen",70,80,102,80,102,40,474
417,417,"electric","pachirisu",60,45,70,45,90,95,405
418,418,"water","buizel",55,65,35,60,30,85,330
419,419,"water","floatzel",85,105,55,85,50,115,495
420,420,"grass","cherubi",45,35,45,62,53,35,275
421,421,"grass","cherrim",70,60,70,87,78,85,450
422,422,"water","shellos",76,48,48,57,62,34,325
423,423,"water","gastrodon",111,83,68,92,82,39,475
424,424,"normal","ambipom",75,100,66,60,66,115,482
425,425,"ghost","drifloon",90,50,34,60,44,70,348
426,426,"ghost","drifblim",150,80,44,90,54,80,498
427,427,"normal","buneary",55,66,44,44,56,85,350
428,428,"normal","lopunny",65,76,84,54,96,105,480
429,429,"ghost","mismagius",60,60,60,105,105,105,495
430,430,"dark","honchkrow",100,125,52,105,52,71,505
431,431,"normal","glameow",49,55,42,42,37,85,310
432,432,"normal","purugly",71,82,64,64,59,112,452
433,433,"psychic","chingling",45,30,50,65,50,45,285
434,434,"poison","stunky",63,63,47,41,41,74,329
435,435,"poison","skuntank",103,93,67,71,61,84,479
436,436,"steel","bronzor",57,24,86,24,86,23,300
437,437,"steel","bronzong",67,89,116,79,116,33,500
438,438,"rock","bonsly",50,80,95,10,45,10,290
439,439,"psychic","mime-jr",20,25,45,70,90,60,310
440,440,"normal","happiny",100,5,5,15,65,30,220
441,441,"normal","chatot",76,65,45,92,42,91,411
442,442,"ghost","spiritomb",50,92,108,92,108,35,485
443,443,"dragon","gible",58,70,45,40,45,42,300
444,444,"dragon","gabite",68,90,65,50,55,82,410
445,445,"dragon","garchomp",108,130,95,80,85,102,600
446,446,"normal","munchlax",135,85,40,40,85,5,390
447,447,"fighting","riolu",40,70,40,35,40,60,285
448,448,"fighting","lucario",70,110,70,115,70,90,525
449,449,"ground","hippopotas",68,72,78,38,42,32,330
450,450,"ground","hippowdon",108,112,118,68,72,47,525
451,451,"poison","skorupi",40,50,90,30,55,65,330
452,452,"poison","drapion",70,90,110,60,75,95,500
453,453,"poison","croagunk",48,61,40,61,40,50,300
454,454,"poison","toxicroak",83,106,65,86,65,85,490
455,455,"grass","carnivine",74,100,72,90,72,46,454
456,456,"water","finneon",49,49,56,49,61,66,330
457,457,"water","lumineon",69,69,76,69,86,91,460
458,458,"water","mantyke",45,20,50,60,120,50,345
459,459,"grass","snover",60,62,50,62,60,40,334
460,460,"grass","abomasnow",90,92,75,92,85,60,494
461,461,"dark","weavile",70,120,65,45,85,125,510
462,462,"electric","magnezone",70,70,115,130,90,60,535
463,463,"normal","lickilicky",110,85,95,80,95,50,515
464,464,"ground","rhyperior",115,140,130,55,55,40,535
465,465,"grass","tangrowth",100,100,125,110,50,50,535
466,466,"electric","electivire",75,123,67,95,85,95,540
467,467,"fire","magmortar",75,95,67,125,95,83,540
468,468,"fairy","togekiss",85,50,95,120,115,80,545
469,469,"bug","yanmega",86,76,86,116,56,95,515
470,470,"grass","leafeon",65,110,130,60,65,95,525
471,471,"ice","glaceon",65,60,110,130,95,65,525
472,472,"ground","gliscor",75,95,125,45,75,95,510
473,473,"ice","mamoswine",110,130,80,70,60,80,530
474,474,"normal","porygon-z",85,80,70,135,75,90,535
475,475,"psychic","gallade",68,125,65,65,115,80,518
476,476,"rock","probopass",60,55,145,75,150,40,525
477,477,"ghost","dusknoir",45,100,135,65,135,45,525
478,478,"ice","froslass",70,80,70,80,70,110,480
479,479,"electric","rotom",50,50,77,95,77,91,440
480,480,"psychic","uxie",75,75,130,75,130,95,580
481,481,"psychic","mesprit",80,105,105,105,105,80,580
482,482,"psychic","azelf",75,125,70,125,70,115,580
483,483,"steel","dialga",100,120,120,150,100,90,680
484,484,"water","palkia",90,120,100,150,120,100,680
485,485,"fire","heatran",91,90,106,130,106,77,600
486,486,"normal","regigigas",110,160,110,80,110,100,670
487,487,"ghost","giratina-altered",150,100,120,100,120,90,680
488,488,"psychic","cresselia",120,70,110,75,120,85,580
489,489,"water","phione",80,80,80,80,80,80,480
490,490,"water","manaphy",100,100,100,100,100,100,600
491,491,"dark","darkrai",70,90,90,135,90,125,600
492,492,"grass","shaymin-land",100,100,100,100,100,100,600
493,493,"normal","arceus",120,120,120,120,120,120,720
494,494,"psychic","victini",100,100,100,100,100,100,600
495,495,"grass","snivy",45,45,55,45,55,63,308
496,496,"grass","servine",60,60,75,60,75,83,413
497,497,"grass","serperior",75,75,95,75,95,113,528
498,498,"fire","tepig",65,63,45,45,45,45,308
499,499,"fire","pignite",90,93,55,70,55,55,418
500,500,"fire","emboar",110,123,65,100,65,65,528
501,501,"water","oshawott",55,55,45,63,45,45,308
502,502,"water","dewott",75,75,60,83,60,60,413
503,503,"water","samurott",95,100,85,108,70,70,528
504,504,"normal","patrat",45,55,39,35,39,42,255
505,505,"normal","watchog",60,85,69,60,69,77,420
506,506,"normal","lillipup",45,60,45,25,45,55,275
507,507,"normal","herdier",65,80,65,35,65,60,370
508,508,"normal","stoutland",85,110,90,45,90,80,500
509,509,"dark","purrloin",41,50,37,50,37,66,281
510,510,"dark","liepard",64,88,50,88,50,106,446
511,511,"grass","pansage",50,53,48,53,48,64,316
512,512,"grass","simisage",75,98,63,98,63,101,498
513,513,"fire","pansear",50,53,48,53,48,64,316
514,514,"fire","simisear",75,98,63,98,63,101,498
515,515,"water","panpour",50,53,48,53,48,64,316
516,516,"water","simipour",75,98,63,98,63,101,498
517,517,"psychic","munna",76,25,45,67,55,24,292
518,518,"psychic","musharna",116,55,85,107,95,29,487
519,519,"normal","pidove",50,55,50,36,30,43,264
520,520,"normal","tranquill",62,77,62,50,42,65,358
521,521,"normal","unfezant",80,115,80,65,55,93,488
522,522,"electric","blitzle",45,60,32,50,32,76,295
523,523,"electric","zebstrika",75,100,63,80,63,116,497
524,524,"rock","roggenrola",55,75,85,25,25,15,280
525,525,"rock","boldore",70,105,105,50,40,20,390
526,526,"rock","gigalith",85,135,130,60,80,25,515
527,527,"psychic","woobat",65,45,43,55,43,72,323
528,528,"psychic","swoobat",67,57,55,77,55,114,425
529,529,"ground","drilbur",60,85,40,30,45,68,328
530,530,"ground","excadrill",110,135,60,50,65,88,508
531,531,"normal","audino",103,60,86,60,86,50,445
532,532,"fighting","timburr",75,80,55,25,35,35,305
533,533,"fighting","gurdurr",85,105,85,40,50,40,405
534,534,"fighting","conkeldurr",105,140,95,55,65,45,505
535,535,"water","tympole",50,50,40,50,40,64,294
536,536,"water","palpitoad",75,65,55,65,55,69,384
537,537,"water","seismitoad",105,95,75,85,75,74,509
538,538,"fighting","throh",120,100,85,30,85,45,465
539,539,"fighting","sawk",75,125,75,30,75,85,465
540,540,"bug","sewaddle",45,53,70,40,60,42,310
541,541,"bug","swadloon",55,63,90,50,80,42,380
542,542,"bug","leavanny",75,103,80,70,80,92,500
543,543,"bug","venipede",30,45,59,30,39,57,260
544,544,"bug","whirlipede",40,55,99,40,79,47,360
545,545,"bug","scolipede",60,100,89,55,69,112,485
546,546,"grass","cottonee",40,27,60,37,50,66,280
547,547,"grass","whimsicott",60,67,85,77,75,116,480
548,548,"grass","petilil",45,35,50,70,50,30,280
549,549,"grass","lilligant",70,60,75,110,75,90,480
550,550,"water","basculin-red-striped",70,92,65,80,55,98,460
551,551,"ground","sandile",50,72,35,35,35,65,292
552,552,"ground","krokorok",60,82,45,45,45,74,351
553,553,"ground","krookodile",95,117,80,65,70,92,519
554,554,"fire","darumaka",70,90,45,15,45,50,315
555,555,"fire","darmanitan-standard",105,140,55,30,55,95,480
556,556,"grass","maractus",75,86,67,106,67,60,461
557,557,"bug","dwebble",50,65,85,35,35,55,325
558,558,"bug","crustle",70,105,125,65,75,45,485
559,559,"dark","scraggy",50,75,70,35,70,48,348
560,560,"dark","scrafty",65,90,115,45,115,58,488
561,561,"psychic","sigilyph",72,58,80,103,80,97,490
562,562,"ghost","yamask",38,30,85,55,65,30,303
563,563,"ghost","cofagrigus",58,50,145,95,105,30,483
564,564,"water","tirtouga",54,78,103,53,45,22,355
565,565,"water","carracosta",74,108,133,83,65,32,495
566,566,"rock","archen",55,112,45,74,45,70,401
567,567,"rock","archeops",75,140,65,112,65,110,567
568,568,"poison","trubbish",50,50,62,40,62,65,329
569,569,"poison","garbodor",80,95,82,60,82,75,474
570,570,"dark","zorua",40,65,40,80,40,65,330
571,571,"dark","zoroark",60,105,60,120,60,105,510
572,572,"normal","minccino",55,50,40,40,40,75,300
573,573,"normal","cinccino",75,95,60,65,60,115,470
574,574,"psychic","gothita",45,30,50,55,65,45,290
575,575,"psychic","gothorita",60,45,70,75,85,55,390
576,576,"psychic","gothitelle",70,55,95,95,110,65,490
577,577,"psychic","solosis",45,30,40,105,50,20,290
578,578,"psychic","duosion",65,40,50,125,60,30,370
579,579,"psychic","reuniclus",110,65,75,125,85,30,490
580,580,"water","ducklett",62,44,50,44,50,55,305
581,581,"water","swanna",75,87,63,87,63,98,473
582,582,"ice","vanillite",36,50,50,65,60,44,305
583,583,"ice","vanillish",51,65,65,80,75,59,395
584,584,"ice","vanilluxe",71,95,85,110,95,79,535
585,585,"normal","deerling",60,60,50,40,50,75,335
586,586,"normal","sawsbuck",80,100,70,60,70,95,475
587,587,"electric","emolga",55,75,60,75,60,103,428
588,588,"bug","karrablast",50,75,45,40,45,60,315
589,589,"bug","escavalier",70,135,105,60,105,20,495
590,590,"grass","foongus",69,55,45,55,55,15,294
591,591,"grass","amoonguss",114,85,70,85,80,30,464
592,592,"water","frillish",55,40,50,65,85,40,335
593,593,"water","jellicent",100,60,70,85,105,60,480
594,594,"water","alomomola",165,75,80,40,45,65,470
595,595,"bug","joltik",50,47,50,57,50,65,319
596,596,"bug","galvantula",70,77,60,97,60,108,472
597,597,"grass","ferroseed",44,50,91,24,86,10,305
598,598,"grass","ferrothorn",74,94,131,54,116,20,489
599,599,"steel","klink",40,55,70,45,60,30,300
600,600,"steel","klang",60,80,95,70,85,50,440
601,601,"steel","klinklang",60,100,115,70,85,90,520
602,602,"electric","tynamo",35,55,40,45,40,60,275
603,603,"electric","eelektrik",65,85,70,75,70,40,405
604,604,"electric","eelektross",85,115,80,105,80,50,515
605,605,"psychic","elgyem",55,55,55,85,55,30,335
606,606,"psychic","beheeyem",75,75,75,125,95,40,485
607,607,"ghost","litwick",50,30,55,65,55,20,275
608,608,"ghost","lampent",60,40,60,95,60,55,370
609,609,"ghost","chandelure",60,55,90,145,90,80,520
610,610,"dragon","axew",46,87,60,30,40,57,320
611,611,"dragon","fraxure",66,117,70,40,50,67,410
612,612,"dragon","haxorus",76,147,90,60,70,97,540
613,613,"ice","cubchoo",55,70,40,60,40,40,305
614,614,"ice","beartic",95,130,80,70,80,50,505
615,615,"ice","cryogonal",80,50,50,95,135,105,515
616,616,"bug","shelmet",50,40,85,40,65,25,305
617,617,"bug","accelgor",80,70,40,100,60,145,495
618,618,"ground","stunfisk",109,66,84,81,99,32,471
619,619,"fighting","mienfoo",45,85,50,55,50,65,350
620,620,"fighting","mienshao",65,125,60,95,60,105,510
621,621,"dragon","druddigon",77,120,90,60,90,48,485
622,622,"ground","golett",59,74,50,35,50,35,303
623,623,"ground","golurk",89,124,80,55,80,55,483
624,624,"dark","pawniard",45,85,70,40,40,60,340
625,625,"dark","bisharp",65,125,100,60,70,70,490
626,626,"normal","bouffalant",95,110,95,40,95,55,490
627,627,"normal","rufflet",70,83,50,37,50,60,350
628,628,"normal","braviary",100,123,75,57,75,80,510
629,629,"dark","vullaby",70,55,75,45,65,60,370
630,630,"dark","mandibuzz",110,65,105,55,95,80,510
631,631,"fire","heatmor",85,97,66,105,66,65,484
632,632,"bug","durant",58,109,112,48,48,109,484
633,633,"dark","deino",52,65,50,45,50,38,300
634,634,"dark","zweilous",72,85,70,65,70,58,420
635,635,"dark","hydreigon",92,105,90,125,90,98,600
636,636,"bug","larvesta",55,85,55,50,55,60,360
637,637,"bug","volcarona",85,60,65,135,105,100,550
638,638,"steel","cobalion",91,90,129,90,72,108,580
639,639,"rock","terrakion",91,129,90,72,90,108,580
640,640,"grass","virizion",91,90,72,90,129,108,580
641,641,"flying","tornadus-incarnate",79,115,70,125,80,111,580
642,642,"electric","thundurus-incarnate",79,115,70,125,80,111,580
643,643,"dragon","reshiram",100,120,100,150,120,90,680
644,644,"dragon","zekrom",100,150,120,120,100,90,680
645,645,"ground","landorus-incarnate",89,125,90,115,80,101,600
646,646,"dragon","kyurem",125,130,90,130,90,95,660
647,647,"water","keldeo-ordinary",91,72,90,129,90,108,580
648,648,"normal","meloetta-aria",100,77,77,128,128,90,600
649,649,"bug","genesect",71,120,95,120,95,99,600
650,650,"grass","chespin",56,61,65,48,45,38,313
651,651,"grass","quilladin",61,78,95,56,58,57,405
652,652,"grass","chesnaught",88,107,122,74,75,64,530
653,653,"fire","fennekin",40,45,40,62,60,60,307
654,654,"fire","braixen",59,59,58,90,70,73,409
655,655,"fire","delphox",75,69,72,114,100,104,534
656,656,"water","froakie",41,56,40,62,44,71,314
657,657,"water","frogadier",54,63,52,83,56,97,405
658,658,"water","greninja",72,95,67,103,71,122,530
659,659,"normal","bunnelby",38,36,38,32,36,57,237
660,660,"normal","diggersby",85,56,77,50,77,78,423
661,661,"normal","fletchling",45,50,43,40,38,62,278
662,662,"fire","fletchinder",62,73,55,56,52,84,382
663,663,"fire","talonflame",78,81,71,74,69,126,499
664,664,"bug","scatterbug",38,35,40,27,25,35,200
665,665,"bug","spewpa",45,22,60,27,30,29,213
666,666,"bug","vivillon",80,52,50,90,50,89,411
667,667,"fire","litleo",62,50,58,73,54,72,369
668,668,"fire","pyroar",86,68,72,109,66,106,507
669,669,"fairy","flabebe",44,38,39,61,79,42,303
670,670,"fairy","floette",54,45,47,75,98,52,371
671,671,"fairy","florges",78,65,68,112,154,75,552
672,672,"grass","skiddo",66,65,48,62,57,52,350
673,673,"grass","gogoat",123,100,62,97,81,68,531
674,674,"fighting","pancham",67,82,62,46,48,43,348
675,675,"fighting","pangoro",95,124,78,69,71,58,495
676,676,"normal","furfrou",75,80,60,65,90,102,472
677,677,"psychic","espurr",62,48,54,63,60,68,355
678,678,"psychic","meowstic-male",74,48,76,83,81,104,466
679,679,"steel","honedge",45,80,100,35,37,28,325
680,680,"steel","doublade",59,110,150,45,49,35,448
681,681,"steel","aegislash-shield",60,50,140,50,140,60,500
682,682,"fairy","spritzee",78,52,60,63,65,23,341
683,683,"fairy","aromatisse",101,72,72,99,89,29,462
684,684,"fairy","swirlix",62,48,66,59,57,49,341
685,685,"fairy","slurpuff",82,80,86,85,75,72,480
686,686,"dark","inkay",53,54,53,37,46,45,288
687,687,"dark","malamar",86,92,88,68,75,73,482
688,688,"rock","binacle",42,52,67,39,56,50,306
689,689,"rock","barbaracle",72,105,115,54,86,68,500
690,690,"poison","skrelp",50,60,60,60,60,30,320
691,691,"poison","dragalge",65,75,90,97,123,44,494
692,692,"water","clauncher",50,53,62,58,63,44,330
693,693,"water","clawitzer",71,73,88,120,89,59,500
694,694,"electric","helioptile",44,38,33,61,43,70,289
695,695,"electric","heliolisk",62,55,52,109,94,109,481
696,696,"rock","tyrunt",58,89,77,45,45,48,362
697,697,"rock","tyrantrum",82,121,119,69,59,71,521
698,698,"rock","amaura",77,59,50,67,63,46,362
699,699,"rock","aurorus",123,77,72,99,92,58,521
700,700,"fairy","sylveon",95,65,65,110,130,60,525
701,701,"fighting","hawlucha",78,92,75,74,63,118,500
702,702,"electric","dedenne",67,58,57,81,67,101,431
703,703,"rock","carbink",50,50,150,50,150,50,500
704,704,"dragon","goomy",45,50,35,55,75,40,300
705,705,"dragon","sliggoo",68,75,53,83,113,60,452
706,706,"dragon","goodra",90,100,70,110,150,80,600
707,707,"steel","klefki",57,80,91,80,87,75,470
708,708,"ghost","phantump",43,70,48,50,60,38,309
709,709,"ghost","trevenant",85,110,76,65,82,56,474
710,710,"ghost","pumpkaboo-average",49,66,70,44,55,51,335
711,711,"ghost","gourgeist-average",65,90,122,58,75,84,494
712,712,"ice","bergmite",55,69,85,32,35,28,304
713,713,"ice","avalugg",95,117,184,44,46,28,514
714,714,"flying","noibat",40,30,35,45,40,55,245
715,715,"flying","noivern",85,70,80,97,80,123,535
716,716,"fairy","xerneas",126,131,95,131,98,99,680
717,717,"dark","yveltal",126,131,95,131,98,99,680
718,718,"dragon","zygarde-50",108,100,121,81,95,95,600
719,719,"rock","diancie",50,100,150,100,150,50,600
720,720,"psychic","hoopa",80,110,60,150,130,70,600
721,721,"fire","volcanion",80,110,120,130,90,70,600
722,722,"grass","rowlet",68,55,55,50,50,42,320
723,723,"grass","dartrix",78,75,75,70,70,52,420
724,724,"grass","decidueye",78,107,75,100,100,70,530
725,725,"fire","litten",45,65,40,60,40,70,320
726,726,"fire","torracat",65,85,50,80,50,90,420
727,727,"fire","incineroar",95,115,90,80,90,60,530
728,728,"water","popplio",50,54,54,66,56,40,320
729,729,"water","brionne",60,69,69,91,81,50,420
730,730,"water","primarina",80,74,74,126,116,60,530
731,731,"normal","pikipek",35,75,30,30,30,65,265
732,732,"normal","trumbeak",55,85,50,40,50,75,355
733,733,"normal","toucannon",80,120,75,75,75,60,485
734,734,"normal","yungoos",48,70,30,30,30,45,253
735,735,"normal","gumshoos",88,110,60,55,60,45,418
736,736,"bug","grubbin",47,62,45,55,45,46,300
737,737,"bug","charjabug",57,82,95,55,75,36,400
738,738,"bug","vikavolt",77,70,90,145,75,43,500
739,739,"fighting","crabrawler",47,82,57,42,47,63,338
740,740,"fighting","crabominable",97,132,77,62,67,43,478
741,741,"fire","oricorio-baile",75,70,70,98,70,93,476
742,742,"bug","cutiefly",40,45,40,55,40,84,304
743,743,"bug","ribombee",60,55,60,95,70,124,464
744,744,"rock","rockruff",45,65,40,30,40,60,280
745,745,"rock","lycanroc-midday",75,115,65,55,65,112,487
746,746,"water","wishiwashi-solo",45,20,20,25,25,40,175
747,747,"poison","mareanie",50,53,62,43,52,45,305
748,748,"poison","toxapex",50,63,152,53,142,35,495
749,749,"ground","mudbray",70,100,70,45,55,45,385
750,750,"ground","mudsdale",100,125,100,55,85,35,500
751,751,"water","dewpider",38,40,52,40,72,27,269
752,752,"water","araquanid",68,70,92,50,132,42,454
753,753,"grass","fomantis",40,55,35,50,35,35,250
754,754,"grass","lurantis",70,105,90,80,90,45,480
755,755,"grass","morelull",40,35,55,65,75,15,285
756,756,"grass","shiinotic",60,45,80,90,100,30,405
757,757,"poison","salandit",48,44,40,71,40,77,320
758,758,"poison","salazzle",68,64,60,111,60,117,480
759,759,"normal","stufful",70,75,50,45,50,50,340
760,760,"normal","bewear",120,125,80,55,60,60,500
761,761,"grass","bounsweet",42,30,38,30,38,32,210
762,762,"grass","steenee",52,40,48,40,48,62,290
763,763,"grass","tsareena",72,120,98,50,98,72,510
764,764,"fairy","comfey",51,52,90,82,110,100,485
765,765,"normal","oranguru",90,60,80,90,110,60,490
766,766,"fighting","passimian",100,120,90,40,60,80,490
767,767,"bug","wimpod",25,35,40,20,30,80,230
768,768,"bug","golisopod",75,125,140,60,90,40,530
769,769,"ghost","sandygast",55,55,80,70,45,15,320
770,770,"ghost","palossand",85,75,110,100,75,35,480
771,771,"water","pyukumuku",55,60,130,30,130,5,410
772,772,"normal","type-null",95,95,95,95,95,59,534
773,773,"normal","silvally",95,95,95,95,95,95,570
774,774,"rock","minior-red-meteor",60,60,100,60,100,60,440
775,775,"normal","komala",65,115,65,75,95,65,480
776,776,"fire","turtonator",60,78,135,91,85,36,485
777,777,"electric","togedemaru",65,98,63,40,73,96,435
778,778,"ghost","mimikyu-disguised",55,90,80,50,105,96,476
779,779,"water","bruxish",68,105,70,70,70,92,475
780,780,"normal","drampa",78,60,85,135,91,36,485
781,781,"ghost","dhelmise",70,131,100,86,90,40,517
782,782,"dragon","jangmo-o",45,55,65,45,45,45,300
783,783,"dragon","hakamo-o",55,75,90,65,70,65,420
784,784,"dragon","kommo-o",75,110,125,100,105,85,600
785,785,"electric","tapu-koko",70,115,85,95,75,130,570
786,786,"psychic","tapu-lele",70,85,75,130,115,95,570
787,787,"grass","tapu-bulu",70,130,115,85,95,75,570
788,788,"water","tapu-fini",70,75,115,95,130,85,570
789,789,"psychic","cosmog",43,29,31,29,31,37,200
790,790,"psychic","cosmoem",43,29,131,29,131,37,400
791,791,"psychic","solgaleo",137,137,107,113,89,97,680
792,792,"psychic","lunala",137,113,89,137,107,97,680
793,793,"rock","nihilego",109,53,47,127,131,103,570
794,794,"bug","buzzwole",107,139,139,53,53,79,570
795,795,"bug","pheromosa",71,137,37,137,37,151,570
796,796,"electric","xurkitree",83,89,71,173,71,83,570
797,797,"steel","celesteela",97,101,103,107,101,61,570
798,798,"grass","kartana",59,181,131,59,31,109,570
799,799,"dark","guzzlord",223,101,53,97,53,43,570
800,800,"psychic","necrozma",97,107,101,127,89,79,600
801,801,"steel","magearna",80,95,115,130,115,65,600
802,802,"fighting","marshadow",90,125,80,90,90,125,600
803,803,"poison","poipole",67,73,67,73,67,73,420
804,804,"poison","naganadel",73,73,73,127,73,121,540
805,805,"rock","stakataka",61,131,211,53,101,13,570
806,806,"fire","blacephalon",53,127,53,151,79,107,570
807,807,"electric","zeraora",88,112,75,102,80,143,600
808,808,"steel","meltan",46,65,65,55,35,34,300
809,809,"steel","melmetal",135,143,143,80,65,34,600
810,810,"grass","grookey",50,65,50,40,40,65,310
811,811,"grass","thwackey",70,85,70,55,60,80,420
812,812,"grass","rillaboom",100,125,90,60,70,85,530
813,813,"fire","scorbunny",50,71,40,40,40,69,310
814,814,"fire","raboot",65,86,60,55,60,94,420
815,815,"fire","cinderace",80,116,75,65,75,119,530
816,816,"water","sobble",50,40,40,70,40,70,310
817,817,"water","drizzile",65,60,55,95,55,90,420
818,818,"water","inteleon",70,85,65,125,65,120,530
819,819,"normal","skwovet",70,55,55,35,35,25,275
820,820,"normal","greedent",120,95,95,55,75,20,460
821,821,"flying","rookidee",38,47,35,33,35,57,245
822,822,"flying","corvisquire",68,67,55,43,55,77,365
823,823,"flying","corviknight",98,87,105,53,85,67,495
824,824,"bug","blipbug",25,20,20,25,45,45,180
825,825,"bug","dottler",50,35,80,50,90,30,335
826,826,"bug","orbeetle",60,45,110,80,120,90,505
827,827,"dark","nickit",40,28,28,47,52,50,245
828,828,"dark","thievul",70,58,58,87,92,90,455
829,829,"grass","gossifleur",40,40,60,40,60,10,250
830,830,"grass","eldegoss",60,50,90,80,120,60,460
831,831,"normal","wooloo",42,40,55,40,45,48,270
832,832,"normal","dubwool",72,80,100,60,90,88,490
833,833,"water","chewtle",50,64,50,38,38,44,284
834,834,"water","drednaw",90,115,90,48,68,74,485
835,835,"electric","yamper",59,45,50,40,50,26,270
836,836,"electric","boltund",69,90,60,90,60,121,490
837,837,"rock","rolycoly",30,40,50,40,50,30,240
838,838,"rock","carkol",80,60,90,60,70,50,410
839,839,"rock","coalossal",110,80,120,80,90,30,510
840,840,"grass","applin",40,40,80,40,40,20,260
841,841,"grass","flapple",70,110,80,95,60,70,485
842,842,"grass","appletun",110,85,80,100,80,30,485
843,843,"ground","silicobra",52,57,75,35,50,46,315
844,844,"ground","sandaconda",72,107,125,65,70,71,510
845,845,"flying","cramorant",70,85,55,85,95,85,475
846,846,"water","arrokuda",41,63,40,40,30,66,280
847,847,"water","barraskewda",61,123,60,60,50,136,490
848,848,"electric","toxel",40,38,35,54,35,40,242
849,849,"electric","toxtricity-amped",75,98,70,114,70,75,502
850,850,"fire","sizzlipede",50,65,45,50,50,45,305
851,851,"fire","centiskorch",100,115,65,90,90,65,525
852,852,"fighting","clobbopus",50,68,60,50,50,32,310
853,853,"fighting","grapploct",80,118,90,70,80,42,480
854,854,"ghost","sinistea",40,45,45,74,54,50,308
855,855,"ghost","polteageist",60,65,65,134,114,70,508
856,856,"psychic","hatenna",42,30,45,56,53,39,265
857,857,"psychic","hattrem",57,40,65,86,73,49,370
858,858,"psychic","hatterene",57,90,95,136,103,29,510
859,859,"dark","impidimp",45,45,30,55,40,50,265
860,860,"dark","morgrem",65,60,45,75,55,70,370
861,861,"dark","grimmsnarl",95,120,65,95,75,60,510
862,862,"dark","obstagoon",93,90,101,60,81,95,520
863,863,"steel","perrserker",70,110,100,50,60,50,440
864,864,"ghost","cursola",60,95,50,145,130,30,510
865,865,"fighting","sirfetchd",62,135,95,68,82,65,507
866,866,"ice","mr-rime",80,85,75,110,100,70,520
867,867,"ground","runerigus",58,95,145,50,105,30,483
868,868,"fairy","milcery",45,40,40,50,61,34,270
869,869,"fairy","alcremie",65,60,75,110,121,64,495
870,870,"fighting","falinks",65,100,100,70,60,75,470
871,871,"electric","pincurchin",48,101,95,91,85,15,435
872,872,"ice","snom",30,25,35,45,30,20,185
873,873,"ice","frosmoth",70,65,60,125,90,65,475
874,874,"rock","stonjourner",100,125,135,20,20,70,470
875,875,"ice","eiscue-ice",75,80,110,65,90,50,470
876,876,"psychic","indeedee-male",60,65,55,105,95,95,475
877,877,"electric","morpeko-full-belly",58,95,58,70,58,97,436
878,878,"steel","cufant",72,80,49,40,49,40,330
879,879,"steel","copperajah",122,130,69,80,69,30,500
880,880,"electric","dracozolt",90,100,90,80,70,75,505
881,881,"electric","arctozolt",90,100,90,90,80,55,505
882,882,"water","dracovish",90,90,100,70,80,75,505
883,883,"water","arctovish",90,90,100,80,90,55,505
884,884,"steel","duraludon",70,95,115,120,50,85,535
885,885,"dragon","dreepy",28,60,30,40,30,82,270
886,886,"dragon","drakloak",68,80,50,60,50,102,410
887,887,"dragon","dragapult",88,120,75,100,75,142,600
888,888,"fairy","zacian",92,120,115,80,115,138,660
889,889,"fighting","zamazenta",92,120,115,80,115,138,660
890,890,"poison","eternatus",140,85,95,145,95,130,690
891,891,"fighting","kubfu",60,90,60,53,50,72,385
892,892,"fighting","urshifu-single-strike",100,130,100,63,60,97,550
893,893,"dark","zarude",105,120,105,70,95,105,600
894,894,"electric","regieleki",80,100,50,100,50,200,580
895,895,"dragon","regidrago",200,100,50,100,50,80,580
896,896,"ice","glastrier",100,145,130,65,110,30,580
897,897,"ghost","spectrier",100,65,60,145,80,130,580
898,898,"psychic","calyrex",100,80,80,80,80,80,500
899,899,"normal","wyrdeer",103,105,72,105,75,65,525
900,900,"bug","kleavor",70,135,95,45,70,85,500
901,901,"ground","ursaluna",130,140,105,45,80,50,550
902,902,"water","basculegion-male",120,112,65,80,75,78,530
903,903,"fighting","sneasler",80,130,60,40,80,120,510
904,904,"dark","overqwil",85,115,95,65,65,85,510
905,905,"fairy","enamorus-incarnate",74,115,70,135,80,106,580
906,906,"grass","sprigatito",40,61,54,45,45,65,310
907,907,"grass","floragato",61,80,63,60,63,83,410
908,908,"grass","meowscarada",76,110,70,81,70,123,530
909,909,"fire","fuecoco",67,45,59,63,40,36,310
910,910,"fire","crocalor",81,55,78,90,58,49,411
911,911,"fire","skeledirge",104,75,100,110,75,66,530
912,912,"water","quaxly",55,65,45,50,45,50,310
913,913,"water","quaxwell",70,85,65,65,60,65,410
914,914,"water","quaquaval",85,120,80,85,75,85,530
915,915,"normal","lechonk",54,45,40,35,45,35,254
916,916,"normal","oinkologne-male",110,100,75,59,80,65,489
917,917,"bug","tarountula",35,41,45,29,40,20,210
918,918,"bug","spidops",60,79,92,52,86,35,404
919,919,"bug","nymble",33,46,40,21,25,45,210
920,920,"bug","lokix",71,102,78,52,55,92,450
921,921,"electric","pawmi",45,50,20,40,25,60,240
922,922,"electric","pawmo",60,75,40,50,40,85,350
923,923,"electric","pawmot",70,115,70,70,60,105,490
924,924,"normal","tandemaus",50,50,45,40,45,75,305
925,925,"normal","maushold-family-of-four",74,75,70,65,75,111,470
926,926,"fairy","fidough",37,55,70,30,55,65,312
927,927,"fairy","dachsbun",57,80,115,50,80,95,477
928,928,"grass","smoliv",41,35,45,58,51,30,260
929,929,"grass","dolliv",52,53,60,78,78,33,354
930,930,"grass","arboliva",78,69,90,125,109,39,510
931,931,"normal","squawkabilly-green-plumage",82,96,51,45,51,92,417
932,932,"rock","nacli",55,55,75,35,35,25,280
933,933,"rock","naclstack",60,60,100,35,65,35,355
934,934,"rock","garganacl",100,100,130,45,90,35,500
935,935,"fire","charcadet",40,50,40,50,40,35,255
936,936,"fire","armarouge",85,60,100,125,80,75,525
937,937,"fire","ceruledge",75,125,80,60,100,85,525
938,938,"electric","tadbulb",61,31,41,59,35,45,272
939,939,"electric","bellibolt",109,64,91,103,83,45,495
940,940,"electric","wattrel",40,40,35,55,40,70,280
941,941,"electric","kilowattrel",70,70,60,105,60,125,490
942,942,"dark","maschiff",60,78,60,40,51,51,340
943,943,"dark","mabosstiff",80,120,90,60,70,85,505
944,944,"poison","shroodle",40,65,35,40,35,75,290
945,945,"poison","grafaiai",63,95,65,80,72,110,485
946,946,"grass","bramblin",40,65,30,45,35,60,275
947,947,"grass","brambleghast",55,115,70,80,70,90,480
948,948,"ground","toedscool",40,40,35,50,100,70,335
949,949,"ground","toedscruel",80,70,65,80,120,100,515
950,950,"rock","klawf",70,100,115,35,55,75,450
951,951,"grass","capsakid",50,62,40,62,40,50,304
952,952,"grass","scovillain",65,108,65,108,65,75,486
953,953,"bug","rellor",41,50,60,31,58,30,270
954,954,"bug","rabsca",75,50,85,115,100,45,470
955,955,"psychic","flittle",30,35,30,55,30,75,255
956,956,"psychic","espathra",95,60,60,101,60,105,481
957,957,"fairy","tinkatink",50,45,45,35,64,58,297
958,958,"fairy","tinkatuff",65,55,55,45,82,78,380
959,959,"fairy","tinkaton",85,75,77,70,105,94,506
960,960,"water","wiglett",10,55,25,35,25,95,245
961,961,"water","wugtrio",35,100,50,50,70,120,425
962,962,"flying","bombirdier",70,103,85,60,85,82,485
963,963,"water","finizen",70,45,40,45,40,75,315
964,964,"water","palafin-zero",100,70,72,53,62,100,457
965,965,"steel","varoom",45,70,63,30,45,47,300
966,966,"steel","revavroom",80,119,90,54,67,90,500
967,967,"dragon","cyclizar",70,95,65,85,65,121,501
968,968,"steel","orthworm",70,85,145,60,55,65,480
969,969,"rock","glimmet",48,35,42,105,60,60,350
970,970,"rock","glimmora",83,55,90,130,81,86,525
971,971,"ghost","greavard",50,61,60,30,55,34,290
972,972,"ghost","houndstone",72,101,100,50,97,68,488
973,973,"flying","flamigo",82,115,74,75,64,90,500
974,974,"ice","cetoddle",108,68,45,30,40,43,334
975,975,"ice","cetitan",170,113,65,45,55,73,521
976,976,"water","veluza",90,102,73,78,65,70,478
977,977,"water","dondozo",150,100,115,65,65,35,530
978,978,"dragon","tatsugiri-curly",68,50,60,120,95,82,475
979,979,"fighting","annihilape",110,115,80,50,90,90,535
980,980,"poison","clodsire",130,75,60,45,100,20,430
981,981,"normal","farigiraf",120,90,70,110,70,60,520
982,982,"normal","dudunsparce-two-segment",125,100,80,85,75,55,520
983,983,"dark","kingambit",100,135,120,60,85,50,550
984,984,"ground","great-tusk",115,131,131,53,53,87,570
985,985,"fairy","scream-tail",115,65,99,65,115,111,570
986,986,"grass","brute-bonnet",111,127,99,79,99,55,570
987,987,"ghost","flutter-mane",55,55,55,135,135,135,570
988,988,"bug","slither-wing",85,135,79,85,105,81,570
989,989,"electric","sandy-shocks",85,81,97,121,85,101,570
990,990,"ground","iron-treads",90,112,120,72,70,106,570
991,991,"ice","iron-bundle",56,80,114,124,60,136,570
992,992,"fighting","iron-hands",154,140,108,50,68,50,570
993,993,"dark","iron-jugulis",94,80,86,122,80,108,570
994,994,"fire","iron-moth",80,70,60,140,110,110,570
995,995,"rock","iron-thorns",100,134,110,70,84,72,570
996,996,"dragon","frigibax",65,75,45,35,45,55,320
997,997,"dragon","arctibax",90,95,66,45,65,62,423
998,998,"dragon","baxcalibur",115,145,92,75,86,87,600
999,999,"ghost","gimmighoul",45,30,70,75,70,10,300
1000,1000,"steel","gholdengo",87,60,95,133,91,84,550
1001,1001,"dark","wo-chien",85,85,100,95,135,70,570
1002,1002,"dark","chien-pao",80,120,80,90,65,135,570
1003,1003,"dark","ting-lu",155,110,125,55,80,45,570
1004,1004,"dark","chi-yu",55,80,80,135,120,100,570
1005,1005,"dragon","roaring-moon",105,139,71,55,101,119,590
1006,1006,"fairy","iron-valiant",74,130,90,120,60,116,590
1007,1007,"fighting","koraidon",100,135,115,85,100,135,670
1008,1008,"electric","miraidon",100,85,100,135,115,135,670
1009,1009,"water","walking-wake",99,83,91,125,83,109,590
1010,1010,"grass","iron-leaves",90,130,88,70,108,104,590
1011,1011,"grass","dipplin",80,80,110,95,80,40,485
1012,1012,"grass","poltchageist",40,45,45,74,54,50,308
1013,1013,"grass","sinistcha",71,60,106,121,80,70,508
1014,1014,"poison","okidogi",88,128,115,58,86,80,555
1015,1015,"poison","munkidori",88,75,66,130,90,106,555
1016,1016,"poison","fezandipiti",88,91,82,70,125,99,555
1017,1017,"grass","ogerpon",80,120,84,60,96,110,550
1018,1018,"steel","archaludon",90,105,130,125,65,85,600
1019,1019,"grass","hydrapple",106,80,110,120,80,44,540
1020,1020,"fire","gouging-fire",105,115,121,65,93,91,590
1021,1021,"electric","raging-bolt",125,73,91,137,89,75,590
1022,1022,"rock","iron-boulder",90,120,80,68,108,124,590
1023,1023,"steel","iron-crown",90,72,100,122,108,98,590
1024,1024,"normal","terapagos",90,65,85,65,85,60,450
1025,1025,"poison","pecharunt",88,88,160,88,88,88,600
1026,10091,"dark","rattata-alola",30,56,35,25,35,72,253
1027,10092,"dark","raticate-alola",75,71,70,40,80,77,413
1028,10093,"dark","raticate-totem-alola",75,71,70,40,80,77,413
1029,10100,"electric","raichu-alola",60,85,50,95,85,110,485
1030,10101,"ice","sandshrew-alola",50,75,90,10,35,40,300
1031,10102,"ice","sandslash-alola",75,100,120,25,65,65,450
1032,10103,"ice","vulpix-alola",38,41,40,50,65,65,299
1033,10104,"ice","ninetales-alola",73,67,75,81,100,109,505
1034,10105,"ground","diglett-alola",10,55,30,35,45,90,265
1035,10106,"ground","dugtrio-alola",35,100,60,50,70,110,425
1036,10107,"dark","meowth-alola",40,35,35,50,40,90,290
1037,10108,"dark","persian-alola",65,60,60,75,65,115,440
1038,10109,"rock","geodude-alola",40,80,100,30,30,20,300
1039,10110,"rock","graveler-alola",55,95,115,45,45,35,390
1040,10111,"rock","golem-alola",80,120,130,55,65,45,495
1041,10112,"poison","grimer-alola",80,80,50,40,50,25,325
1042,10113,"poison","muk-alola",105,105,75,65,100,50,500
1043,10114,"grass","exeggutor-alola",95,105,85,125,75,45,530
1044,10115,"fire","marowak-alola",60,80,110,50,80,45,425
1045,10161,"steel","meowth-galar",50,65,55,40,40,40,290
1046,10162,"psychic","ponyta-galar",50,85,55,65,65,90,410
1047,10163,"psychic","rapidash-galar",65,100,70,80,80,105,500
1048,10164,"psychic","slowpoke-galar",90,65,65,40,40,15,315
1049,10165,"poison","slowbro-galar",95,100,95,100,70,30,490
1050,10166,"fighting","farfetchd-galar",52,95,55,58,62,55,377
1051,10167,"poison","weezing-galar",65,90,120,85,70,60,490
1052,10168,"ice","mr-mime-galar",50,65,65,90,90,100,460
1053,10169,"psychic","articuno-galar",90,85,85,125,100,95,580
1054,10170,"fighting","zapdos-galar",90,125,90,85,90,100,580
1055,10171,"dark","moltres-galar",90,85,90,100,125,90,580
1056,10172,"poison","slowking-galar",95,65,80,110,110,30,490
1057,10173,"ghost","corsola-galar",60,55,100,65,100,30,410
1058,10174,"dark","zigzagoon-galar",38,30,41,30,41,60,240
1059,10175,"dark","linoone-galar",78,70,61,50,61,100,420
1060,10176,"ice","darumaka-galar",70,90,45,15,45,50,315
1061,10179,"ground","yamask-galar",38,55,85,30,65,30,303
1062,10180,"ground","stunfisk-galar",109,81,99,66,84,32,471
1063,10229,"fire","growlithe-hisui",60,75,45,65,50,55,350
1064,10230,"fire","arcanine-hisui",95,115,80,95,80,90,555
1065,10231,"electric","voltorb-hisui",40,30,50,55,55,100,330
1066,10232,"electric","electrode-hisui",60,50,70,80,80,150,490
1067,10233,"fire","typhlosion-hisui",73,84,78,119,85,95,534
1068,10234,"dark","qwilfish-hisui",65,95,85,55,55,85,440
1069,10235,"fighting","sneasel-hisui",55,95,55,35,75,115,430
1070,10236,"water","samurott-hisui",90,108,80,100,65,85,528
1071,10237,"grass","lilligant-hisui",70,105,75,50,75,105,480
1072,10238,"normal","zorua-hisui",35,60,40,85,40,70,330
1073,10239,"normal","zoroark-hisui",55,100,60,125,60,110,510
1074,10240,"psychic","braviary-hisui",110,83,70,112,70,65,510
1075,10241,"steel","sliggoo-hisui",58,75,83,83,113,40,452
1076,10242,"steel","goodra-hisui",80,100,100,110,150,60,600
1077,10243,"ice","avalugg-hisui",95,127,184,34,36,38,514
1078,10244,"grass","decidueye-hisui",88,112,80,95,95,60,530
1079,1,"poison","bulbasaur",45,49,49,65,65,45,318
1080,2,"poison","ivysaur",60,62,63,80,80,60,405
1081,3,"poison","venusaur",80,82,83,100,100,80,525
1082,6,"flying","charizard",78,84,78,109,85,100,534
1083,12,"flying","butterfree",60,45,50,90,80,70,395
1084,13,"poison","weedle",40,35,30,20,20,50,195
1085,14,"poison","kakuna",45,25,50,25,25,35,205
1086,15,"poison","beedrill",65,90,40,45,80,75,395
1087,16,"flying","pidgey",40,45,40,35,35,56,251
1088,17,"flying","pidgeotto",63,60,55,50,50,71,349
1089,18,"flying","pidgeot",83,80,75,70,70,101,479
1090,21,"flying","spearow",40,60,30,31,31,70,262
1091,22,"flying","fearow",65,90,65,61,61,100,442
1092,31,"ground","nidoqueen",90,92,87,75,85,76,505
1093,34,"ground","nidoking",81,102,77,85,75,85,505
1094,39,"fairy","jigglypuff",115,45,20,45,25,20,270
1095,40,"fairy","wigglytuff",140,70,45,85,50,45,435
1096,41,"flying","zubat",40,45,35,30,40,55,245
1097,42,"flying","golbat",75,80,70,65,75,90,455
1098,43,"poison","oddish",45,50,55,75,65,30,320
1099,44,"poison","gloom",60,65,70,85,75,40,395
1100,45,"poison","vileplume",75,80,85,110,90,50,490
1101,46,"grass","paras",35,70,55,45,55,25,285
1102,47,"grass","parasect",60,95,80,60,80,30,405
1103,48,"poison","venonat",60,55,50,40,55,45,305
1104,49,"poison","venomoth",70,65,60,90,75,90,450
1105,62,"fighting","poliwrath",90,95,95,70,90,70,510
1106,69,"poison","bellsprout",50,75,35,70,30,40,300
1107,70,"poison","weepinbell",65,90,50,85,45,55,390
1108,71,"poison","victreebel",80,105,65,100,70,70,490
1109,72,"poison","tentacool",40,40,35,50,100,70,335
1110,73,"poison","tentacruel",80,70,65,80,120,100,515
1111,74,"ground","geodude",40,80,100,30,30,20,300
1112,75,"ground","graveler",55,95,115,45,45,35,390
1113,76,"ground","golem",80,120,130,55,65,45,495
1114,79,"psychic","slowpoke",90,65,65,40,40,15,315
1115,80,"psychic","slowbro",95,75,110,100,80,30,490
1116,81,"steel","magnemite",25,35,70,95,55,45,325
1117,82,"steel","magneton",50,60,95,120,70,70,465
1118,83,"flying","farfetchd",52,90,55,58,62,60,377
1119,84,"flying","doduo",35,85,45,35,35,75,310
1120,85,"flying","dodrio",60,110,70,60,60,110,470
1121,87,"ice","dewgong",90,70,80,70,95,70,475
1122,91,"ice","cloyster",50,95,180,85,45,70,525
1123,92,"poison","gastly",30,35,30,100,35,80,310
1124,93,"poison","haunter",45,50,45,115,55,95,405
1125,94,"poison","gengar",60,65,60,130,75,110,500
1126,95,"ground","onix",35,45,160,30,45,70,385
1127,102,"psychic","exeggcute",60,40,80,60,45,40,325
1128,103,"psychic","exeggutor",95,95,85,125,75,55,530
1129,111,"rock","rhyhorn",80,85,95,30,30,25,345
1130,112,"rock","rhydon",105,130,120,45,45,40,485
1131,121,"psychic","starmie",60,75,85,100,85,115,520
1132,122,"fairy","mr-mime",40,45,65,100,120,90,460
1133,123,"flying","scyther",70,110,80,55,80,105,500
1134,124,"psychic","jynx",65,50,35,115,95,95,455
1135,130,"flying","gyarados",95,125,79,60,100,81,540
1136,131,"ice","lapras",130,85,80,85,95,60,535
1137,138,"water","omanyte",35,40,100,90,55,35,355
1138,139,"water","omastar",70,60,125,115,70,55,495
1139,140,"water","kabuto",30,80,90,55,45,55,355
1140,141,"water","kabutops",60,115,105,65,70,80,495
1141,142,"flying","aerodactyl",80,105,65,60,75,130,515
1142,144,"flying","articuno",90,85,100,95,125,85,580
1143,145,"flying","zapdos",90,90,85,125,90,100,580
1144,146,"flying","moltres",90,100,90,125,85,90,580
1145,149,"flying","dragonite",91,134,95,100,100,80,600
1146,163,"flying","hoothoot",60,30,30,36,56,50,262
1147,164,"flying","noctowl",100,50,50,86,96,70,452
1148,165,"flying","ledyba",40,20,30,40,80,55,265
1149,166,"flying","ledian",55,35,50,55,110,85,390
1150,167,"poison","spinarak",40,60,40,40,40,30,250
1151,168,"poison","ariados",70,90,70,60,70,40,400
1152,169,"flying","crobat",85,90,80,70,80,130,535
1153,170,"electric","chinchou",75,38,38,56,56,67,330
1154,171,"electric","lanturn",125,58,58,76,76,67,460
1155,174,"fairy","igglybuff",90,30,15,40,20,15,210
1156,176,"flying","togetic",55,40,85,80,105,40,405
1157,177,"flying","natu",40,50,45,70,45,70,320
1158,178,"flying","xatu",65,75,70,95,70,95,470
1159,183,"fairy","marill",70,20,50,20,50,40,250
1160,184,"fairy","azumarill",100,50,80,60,80,50,420
1161,187,"flying","hoppip",35,35,40,35,55,50,250
1162,188,"flying","skiploom",55,45,50,45,65,80,340
1163,189,"flying","jumpluff",75,55,70,55,95,110,460
1164,193,"flying","yanma",65,65,45,75,45,95,390
1165,194,"ground","wooper",55,45,45,25,25,15,210
1166,195,"ground","quagsire",95,85,85,65,65,35,430
1167,198,"flying","murkrow",60,85,42,85,42,91,405
1168,199,"psychic","slowking",95,75,80,100,110,30,490
1169,203,"psychic","girafarig",70,80,65,90,65,85,455
1170,205,"steel","forretress",75,90,140,60,60,40,465
1171,207,"flying","gligar",65,75,105,35,65,85,430
1172,208,"ground","steelix",75,85,200,55,65,30,510
1173,211,"poison","qwilfish",65,95,85,55,55,85,440
1174,212,"steel","scizor",70,130,100,55,80,65,500
1175,213,"rock","shuckle",20,10,230,10,230,5,505
1176,214,"fighting","heracross",80,125,75,40,95,85,500
1177,215,"ice","sneasel",55,95,55,35,75,115,430
1178,219,"rock","magcargo",60,50,120,90,80,30,430
1179,220,"ground","swinub",50,50,40,30,30,50,250
1180,221,"ground","piloswine",100,100,80,60,60,50,450
1181,222,"rock","corsola",65,55,95,65,95,35,410
1182,225,"flying","delibird",45,55,45,65,45,75,330
1183,226,"flying","mantine",85,40,70,80,140,70,485
1184,227,"flying","skarmory",65,80,140,40,70,70,465
1185,228,"fire","houndour",45,60,30,80,50,65,330
1186,229,"fire","houndoom",75,90,50,110,80,95,500
1187,230,"dragon","kingdra",75,95,95,95,95,85,540
1188,238,"psychic","smoochum",45,30,15,85,65,65,305
1189,246,"ground","larvitar",50,64,50,45,50,41,300
1190,247,"ground","pupitar",70,84,70,65,70,51,410
1191,248,"dark","tyranitar",100,134,110,95,100,61,600
1192,249,"flying","lugia",106,90,130,90,154,110,680
1193,250,"flying","ho-oh",106,130,90,110,154,90,680
1194,251,"grass","celebi",100,100,100,100,100,100,600
1195,256,"fighting","combusken",60,85,60,85,60,55,405
1196,257,"fighting","blaziken",80,120,70,110,70,80,530
1197,259,"ground","marshtomp",70,85,70,60,70,50,405
1198,260,"ground","swampert",100,110,90,85,90,60,535
1199,267,"flying","beautifly",60,70,50,100,50,65,395
1200,269,"poison","dustox",60,50,70,50,90,65,385
1201,270,"grass","lotad",40,30,30,40,50,30,220
1202,271,"grass","lombre",60,50,50,60,70,50,340
1203,272,"grass","ludicolo",80,70,70,90,100,70,480
1204,274,"dark","nuzleaf",70,70,40,60,40,60,340
1205,275,"dark","shiftry",90,100,60,90,60,80,480
1206,276,"flying","taillow",40,55,30,30,30,85,270
1207,277,"flying","swellow",60,85,60,75,50,125,455
1208,278,"flying","wingull",40,30,30,55,30,85,270
1209,279,"flying","pelipper",60,50,100,95,70,65,440
1210,280,"fairy","ralts",28,25,25,45,35,40,198
1211,281,"fairy","kirlia",38,35,35,65,55,50,278
1212,282,"fairy","gardevoir",68,65,65,125,115,80,518
1213,283,"water","surskit",40,30,32,50,52,65,269
1214,284,"flying","masquerain",70,60,62,100,82,80,454
1215,286,"fighting","breloom",60,130,80,60,60,70,460
1216,290,"ground","nincada",31,45,90,30,30,40,266
1217,291,"flying","ninjask",61,90,45,50,50,160,456
1218,292,"ghost","shedinja",1,90,45,30,30,40,236
1219,298,"fairy","azurill",50,20,40,20,40,20,190
1220,302,"ghost","sableye",50,75,75,65,65,50,380
1221,303,"fairy","mawile",50,85,85,55,55,50,380
1222,304,"rock","aron",50,70,100,40,40,30,330
1223,305,"rock","lairon",60,90,140,50,50,40,430
1224,306,"rock","aggron",70,110,180,60,60,50,530
1225,307,"psychic","meditite",30,40,55,40,55,60,280
1226,308,"psychic","medicham",60,60,75,60,75,80,410
1227,315,"poison","roselia",50,60,45,100,80,65,400
1228,318,"dark","carvanha",45,90,20,65,20,65,305
1229,319,"dark","sharpedo",70,120,40,95,40,95,460
1230,322,"ground","numel",60,60,40,65,45,35,305
1231,323,"ground","camerupt",70,100,70,105,75,40,460
1232,329,"dragon","vibrava",50,70,50,50,50,70,340
1233,330,"dragon","flygon",80,100,80,80,80,100,520
1234,332,"dark","cacturne",70,115,60,115,60,55,475
1235,333,"flying","swablu",45,40,60,40,75,50,310
1236,334,"flying","altaria",75,70,90,70,105,80,490
1237,337,"psychic","lunatone",90,55,65,95,85,70,460
1238,338,"psychic","solrock",90,95,85,55,65,70,460
1239,339,"ground","barboach",50,48,43,46,41,60,288
1240,340,"ground","whiscash",110,78,73,76,71,60,468
1241,342,"dark","crawdaunt",63,120,85,90,55,55,468
1242,343,"psychic","baltoy",40,40,55,40,70,55,300
1243,344,"psychic","claydol",60,70,105,70,120,75,500
1244,345,"grass","lileep",66,41,77,61,87,23,355
1245,346,"grass","cradily",86,81,97,81,107,43,495
1246,347,"bug","anorith",45,95,50,40,50,75,355
1247,348,"bug","armaldo",75,125,100,70,80,45,495
1248,357,"flying","tropius",99,68,83,72,87,51,460
1249,363,"water","spheal",70,40,50,55,50,25,290
1250,364,"water","sealeo",90,60,70,75,70,45,410
1251,365,"water","walrein",110,80,90,95,90,65,530
1252,369,"rock","relicanth",100,90,130,45,65,55,485
1253,373,"flying","salamence",95,135,80,110,80,100,600
1254,374,"psychic","beldum",40,55,80,35,60,30,300
1255,375,"psychic","metang",60,75,100,55,80,50,420
1256,376,"psychic","metagross",80,135,130,95,90,70,600
1257,380,"psychic","latias",80,80,90,110,130,110,600
1258,381,"psychic","latios",80,90,80,130,110,110,600
1259,384,"flying","rayquaza",105,150,90,150,90,95,680
1260,385,"psychic","jirachi",100,100,100,100,100,100,600
1261,389,"ground","torterra",95,109,105,75,85,56,525
1262,391,"fighting","monferno",64,78,52,78,52,81,405
1263,392,"fighting","infernape",76,104,71,104,71,108,534
1264,395,"steel","empoleon",84,86,88,111,101,60,530
1265,396,"flying","starly",40,55,30,30,30,60,245
1266,397,"flying","staravia",55,75,50,40,40,80,340
1267,398,"flying","staraptor",85,120,70,50,60,100,485
1268,400,"water","bibarel",79,85,60,55,60,71,410
1269,406,"poison","budew",40,30,35,50,70,55,280
1270,407,"poison","roserade",60,70,65,125,105,90,515
1271,410,"steel","shieldon",30,42,118,42,88,30,350
1272,411,"steel","bastiodon",60,52,168,47,138,30,495
1273,413,"grass","wormadam-plant",60,59,85,79,105,36,424
1274,414,"flying","mothim",70,94,50,94,50,66,424
1275,415,"flying","combee",30,30,42,30,42,70,244
1276,416,"flying","vespiquen",70,80,102,80,102,40,474
1277,423,"ground","gastrodon",111,83,68,92,82,39,475
1278,425,"flying","drifloon",90,50,34,60,44,70,348
1279,426,"flying","drifblim",150,80,44,90,54,80,498
1280,430,"flying","honchkrow",100,125,52,105,52,71,505
1281,434,"dark","stunky",63,63,47,41,41,74,329
1282,435,"dark","skuntank",103,93,67,71,61,84,479
1283,436,"psychic","bronzor",57,24,86,24,86,23,300
1284,437,"psychic","bronzong",67,89,116,79,116,33,500
1285,439,"fairy","mime-jr",20,25,45,70,90,60,310
1286,441,"flying","chatot",76,65,45,92,42,91,411
1287,442,"dark","spiritomb",50,92,108,92,108,35,485
1288,443,"ground","gible",58,70,45,40,45,42,300
1289,444,"ground","gabite",68,90,65,50,55,82,410
1290,445,"ground","garchomp",108,130,95,80,85,102,600
1291,448,"steel","lucario",70,110,70,115,70,90,525
1292,451,"bug","skorupi",40,50,90,30,55,65,330
1293,452,"dark","drapion",70,90,110,60,75,95,500
1294,453,"fighting","croagunk",48,61,40,61,40,50,300
1295,454,"fighting","toxicroak",83,106,65,86,65,85,490
1296,458,"flying","mantyke",45,20,50,60,120,50,345
1297,459,"ice","snover",60,62,50,62,60,40,334
1298,460,"ice","abomasnow",90,92,75,92,85,60,494
1299,461,"ice","weavile",70,120,65,45,85,125,510
1300,462,"steel","magnezone",70,70,115,130,90,60,535
1301,464,"rock","rhyperior",115,140,130,55,55,40,535
1302,468,"flying","togekiss",85,50,95,120,115,80,545
1303,469,"flying","yanmega",86,76,86,116,56,95,515
1304,472,"flying","gliscor",75,95,125,45,75,95,510
1305,473,"ground","mamoswine",110,130,80,70,60,80,530
1306,475,"fighting","gallade",68,125,65,65,115,80,518
1307,476,"steel","probopass",60,55,145,75,150,40,525
1308,478,"ghost","froslass",70,80,70,80,70,110,480
1309,479,"ghost","rotom",50,50,77,95,77,91,440
1310,483,"dragon","dialga",100,120,120,150,100,90,680
1311,484,"dragon","palkia",90,120,100,150,120,100,680
1312,485,"steel","heatran",91,90,106,130,106,77,600
1313,487,"dragon","giratina-altered",150,100,120,100,120,90,680
1314,494,"fire","victini",100,100,100,100,100,100,600
1315,499,"fighting","pignite",90,93,55,70,55,55,418
1316,500,"fighting","emboar",110,123,65,100,65,65,528
1317,519,"flying","pidove",50,55,50,36,30,43,264
1318,520,"flying","tranquill",62,77,62,50,42,65,358
1319,521,"flying","unfezant",80,115,80,65,55,93,488
1320,527,"flying","woobat",65,45,43,55,43,72,323
1321,528,"flying","swoobat",67,57,55,77,55,114,425
1322,530,"steel","excadrill",110,135,60,50,65,88,508
1323,536,"ground","palpitoad",75,65,55,65,55,69,384
1324,537,"ground","seismitoad",105,95,75,85,75,74,509
1325,540,"grass","sewaddle",45,53,70,40,60,42,310
1326,541,"grass","swadloon",55,63,90,50,80,42,380
1327,542,"grass","leavanny",75,103,80,70,80,92,500
1328,543,"poison","venipede",30,45,59,30,39,57,260
1329,544,"poison","whirlipede",40,55,99,40,79,47,360
1330,545,"poison","scolipede",60,100,89,55,69,112,485
1331,546,"fairy","cottonee",40,27,60,37,50,66,280
1332,547,"fairy","whimsicott",60,67,85,77,75,116,480
1333,551,"dark","sandile",50,72,35,35,35,65,292
1334,552,"dark","krokorok",60,82,45,45,45,74,351
1335,553,"dark","krookodile",95,117,80,65,70,92,519
1336,557,"rock","dwebble",50,65,85,35,35,55,325
1337,558,"rock","crustle",70,105,125,65,75,45,485
1338,559,"fighting","scraggy",50,75,70,35,70,48,348
1339,560,"fighting","scrafty",65,90,115,45,115,58,488
1340,561,"flying","sigilyph",72,58,80,103,80,97,490
1341,564,"rock","tirtouga",54,78,103,53,45,22,355
1342,565,"rock","carracosta",74,108,133,83,65,32,495
1343,566,"flying","archen",55,112,45,74,45,70,401
1344,567,"flying","archeops",75,140,65,112,65,110,567
1345,580,"flying","ducklett",62,44,50,44,50,55,305
1346,581,"flying","swanna",75,87,63,87,63,98,473
1347,585,"grass","deerling",60,60,50,40,50,75,335
1348,586,"grass","sawsbuck",80,100,70,60,70,95,475
1349,587,"flying","emolga",55,75,60,75,60,103,428
1350,589,"steel","escavalier",70,135,105,60,105,20,495
1351,590,"poison","foongus",69,55,45,55,55,15,294
1352,591,"poison","amoonguss",114,85,70,85,80,30,464
1353,592,"ghost","frillish",55,40,50,65,85,40,335
1354,593,"ghost","jellicent",100,60,70,85,105,60,480
1355,595,"electric","joltik",50,47,50,57,50,65,319
1356,596,"electric","galvantula",70,77,60,97,60,108,472
1357,597,"steel","ferroseed",44,50,91,24,86,10,305
1358,598,"steel","ferrothorn",74,94,131,54,116,20,489
1359,607,"fire","litwick",50,30,55,65,55,20,275
1360,608,"fire","lampent",60,40,60,95,60,55,370
1361,609,"fire","chandelure",60,55,90,145,90,80,520
1362,618,"electric","stunfisk",109,66,84,81,99,32,471
1363,622,"ghost","golett",59,74,50,35,50,35,303
1364,623,"ghost","golurk",89,124,80,55,80,55,483
1365,624,"steel","pawniard",45,85,70,40,40,60,340
1366,625,"steel","bisharp",65,125,100,60,70,70,490
1367,627,"flying","rufflet",70,83,50,37,50,60,350
1368,628,"flying","braviary",100,123,75,57,75,80,510
1369,629,"flying","vullaby",70,55,75,45,65,60,370
1370,630,"flying","mandibuzz",110,65,105,55,95,80,510
1371,632,"steel","durant",58,109,112,48,48,109,484
1372,633,"dragon","deino",52,65,50,45,50,38,300
1373,634,"dragon","zweilous",72,85,70,65,70,58,420
1374,635,"dragon","hydreigon",92,105,90,125,90,98,600
1375,636,"fire","larvesta",55,85,55,50,55,60,360
1376,637,"fire","volcarona",85,60,65,135,105,100,550
1377,638,"fighting","cobalion",91,90,129,90,72,108,580
1378,639,"fighting","terrakion",91,129,90,72,90,108,580
1379,640,"fighting","virizion",91,90,72,90,129,108,580
1380,642,"flying","thundurus-incarnate",79,115,70,125,80,111,580
1381,643,"fire","reshiram",100,120,100,150,120,90,680
1382,644,"electric","zekrom",100,150,120,120,100,90,680
1383,645,"flying","landorus-incarnate",89,125,90,115,80,101,600
1384,646,"ice","kyurem",125,130,90,130,90,95,660
1385,647,"fighting","keldeo-ordinary",91,72,90,129,90,108,580
1386,648,"psychic","meloetta-aria",100,77,77,128,128,90,600
1387,649,"steel","genesect",71,120,95,120,95,99,600
1388,652,"fighting","chesnaught",88,107,122,74,75,64,530
1389,655,"psychic","delphox",75,69,72,114,100,104,534
1390,658,"dark","greninja",72,95,67,103,71,122,530
1391,660,"ground","diggersby",85,56,77,50,77,78,423
1392,661,"flying","fletchling",45,50,43,40,38,62,278
1393,662,"flying","fletchinder",62,73,55,56,52,84,382
1394,663,"flying","talonflame",78,81,71,74,69,126,499
1395,666,"flying","vivillon",80,52,50,90,50,89,411
1396,667,"normal","litleo",62,50,58,73,54,72,369
1397,668,"normal","pyroar",86,68,72,109,66,106,507
1398,675,"dark","pangoro",95,124,78,69,71,58,495
1399,679,"ghost","honedge",45,80,100,35,37,28,325
1400,680,"ghost","doublade",59,110,150,45,49,35,448
1401,681,"ghost","aegislash-shield",60,50,140,50,140,60,500
1402,686,"psychic","inkay",53,54,53,37,46,45,288
1403,687,"psychic","malamar",86,92,88,68,75,73,482
1404,688,"water","binacle",42,52,67,39,56,50,306
1405,689,"water","barbaracle",72,105,115,54,86,68,500
1406,690,"water","skrelp",50,60,60,60,60,30,320
1407,691,"dragon","dragalge",65,75,90,97,123,44,494
1408,694,"normal","helioptile",44,38,33,61,43,70,289
1409,695,"normal","heliolisk",62,55,52,109,94,109,481
1410,696,"dragon","tyrunt",58,89,77,45,45,48,362
1411,697,"dragon","tyrantrum",82,121,119,69,59,71,521
1412,698,"ice","amaura",77,59,50,67,63,46,362
1413,699,"ice","aurorus",123,77,72,99,92,58,521
1414,701,"flying","hawlucha",78,92,75,74,63,118,500
1415,702,"fairy","dedenne",67,58,57,81,67,101,431
1416,703,"fairy","carbink",50,50,150,50,150,50,500
1417,707,"fairy","klefki",57,80,91,80,87,75,470
1418,708,"grass","phantump",43,70,48,50,60,38,309
1419,709,"grass","trevenant",85,110,76,65,82,56,474
1420,710,"grass","pumpkaboo-average",49,66,70,44,55,51,335
1421,711,"grass","gourgeist-average",65,90,122,58,75,84,494
1422,714,"dragon","noibat",40,30,35,45,40,55,245
1423,715,"dragon","noivern",85,70,80,97,80,123,535
1424,717,"flying","yveltal",126,131,95,131,98,99,680
1425,718,"ground","zygarde-50",108,100,121,81,95,95,600
1426,719,"fairy","diancie",50,100,150,100,150,50,600
1427,720,"ghost","hoopa",80,110,60,150,130,70,600
1428,721,"water","volcanion",80,110,120,130,90,70,600
1429,722,"flying","rowlet",68,55,55,50,50,42,320
1430,723,"flying","dartrix",78,75,75,70,70,52,420
1431,724,"ghost","decidueye",78,107,75,100,100,70,530
1432,727,"dark","incineroar",95,115,90,80,90,60,530
1433,730,"fairy","primarina",80,74,74,126,116,60,530
1434,731,"flying","pikipek",35,75,30,30,30,65,265
1435,732,"flying","trumbeak",55,85,50,40,50,75,355
1436,733,"flying","toucannon",80,120,75,75,75,60,485
1437,737,"electric","charjabug",57,82,95,55,75,36,400
1438,738,"electric","vikavolt",77,70,90,145,75,43,500
1439,740,"ice","crabominable",97,132,77,62,67,43,478
1440,741,"flying","oricorio-baile",75,70,70,98,70,93,476
1441,742,"fairy","cutiefly",40,45,40,55,40,84,304
1442,743,"fairy","ribombee",60,55,60,95,70,124,464
1443,747,"water","mareanie",50,53,62,43,52,45,305
1444,748,"water","toxapex",50,63,152,53,142,35,495
1445,751,"bug","dewpider",38,40,52,40,72,27,269
1446,752,"bug","araquanid",68,70,92,50,132,42,454
1447,755,"fairy","morelull",40,35,55,65,75,15,285
1448,756,"fairy","shiinotic",60,45,80,90,100,30,405
1449,757,"fire","salandit",48,44,40,71,40,77,320
1450,758,"fire","salazzle",68,64,60,111,60,117,480
1451,759,"fighting","stufful",70,75,50,45,50,50,340
1452,760,"fighting","bewear",120,125,80,55,60,60,500
1453,765,"psychic","oranguru",90,60,80,90,110,60,490
1454,767,"water","wimpod",25,35,40,20,30,80,230
1455,768,"water","golisopod",75,125,140,60,90,40,530
1456,769,"ground","sandygast",55,55,80,70,45,15,320
1457,770,"ground","palossand",85,75,110,100,75,35,480
1458,774,"flying","minior-red-meteor",60,60,100,60,100,60,440
1459,776,"dragon","turtonator",60,78,135,91,85,36,485
1460,777,"steel","togedemaru",65,98,63,40,73,96,435
1461,778,"fairy","mimikyu-disguised",55,90,80,50,105,96,476
1462,779,"psychic","bruxish",68,105,70,70,70,92,475
1463,780,"dragon","drampa",78,60,85,135,91,36,485
1464,781,"grass","dhelmise",70,131,100,86,90,40,517
1465,783,"fighting","hakamo-o",55,75,90,65,70,65,420
1466,784,"fighting","kommo-o",75,110,125,100,105,85,600
1467,785,"fairy","tapu-koko",70,115,85,95,75,130,570
1468,786,"fairy","tapu-lele",70,85,75,130,115,95,570
1469,787,"fairy","tapu-bulu",70,130,115,85,95,75,570
1470,788,"fairy","tapu-fini",70,75,115,95,130,85,570
1471,791,"steel","solgaleo",137,137,107,113,89,97,680
1472,792,"ghost","lunala",137,113,89,137,107,97,680
1473,793,"poison","nihilego",109,53,47,127,131,103,570
1474,794,"fighting","buzzwole",107,139,139,53,53,79,570
1475,795,"fighting","pheromosa",71,137,37,137,37,151,570
1476,797,"flying","celesteela",97,101,103,107,101,61,570
1477,798,"steel","kartana",59,181,131,59,31,109,570
1478,799,"dragon","guzzlord",223,101,53,97,53,43,570
1479,801,"fairy","magearna",80,95,115,130,115,65,600
1480,802,"ghost","marshadow",90,125,80,90,90,125,600
1481,804,"dragon","naganadel",73,73,73,127,73,121,540
1482,805,"steel","stakataka",61,131,211,53,101,13,570
1483,806,"ghost","blacephalon",53,127,53,151,79,107,570
1484,823,"steel","corviknight",98,87,105,53,85,67,495
1485,825,"psychic","dottler",50,35,80,50,90,30,335
1486,826,"psychic","orbeetle",60,45,110,80,120,90,505
1487,834,"rock","drednaw",90,115,90,48,68,74,485
1488,838,"fire","carkol",80,60,90,60,70,50,410
1489,839,"fire","coalossal",110,80,120,80,90,30,510
1490,840,"dragon","applin",40,40,80,40,40,20,260
1491,841,"dragon","flapple",70,110,80,95,60,70,485
1492,842,"dragon","appletun",110,85,80,100,80,30,485
1493,845,"water","cramorant",70,85,55,85,95,85,475
1494,848,"poison","toxel",40,38,35,54,35,40,242
1495,849,"poison","toxtricity-amped",75,98,70,114,70,75,502
1496,850,"bug","sizzlipede",50,65,45,50,50,45,305
1497,851,"bug","centiskorch",100,115,65,90,90,65,525
1498,858,"fairy","hatterene",57,90,95,136,103,29,510
1499,859,"fairy","impidimp",45,45,30,55,40,50,265
1500,860,"fairy","morgrem",65,60,45,75,55,70,370
1501,861,"fairy","grimmsnarl",95,120,65,95,75,60,510
1502,862,"normal","obstagoon",93,90,101,60,81,95,520
1503,866,"psychic","mr-rime",80,85,75,110,100,70,520
1504,867,"ghost","runerigus",58,95,145,50,105,30,483
1505,872,"bug","snom",30,25,35,45,30,20,185
1506,873,"bug","frosmoth",70,65,60,125,90,65,475
1507,876,"normal","indeedee-male",60,65,55,105,95,95,475
1508,877,"dark","morpeko-full-belly",58,95,58,70,58,97,436
1509,880,"dragon","dracozolt",90,100,90,80,70,75,505
1510,881,"ice","arctozolt",90,100,90,90,80,55,505
1511,882,"dragon","dracovish",90,90,100,70,80,75,505
1512,883,"ice","arctovish",90,90,100,80,90,55,505
1513,884,"dragon","duraludon",70,95,115,120,50,85,535
1514,885,"ghost","dreepy",28,60,30,40,30,82,270
1515,886,"ghost","drakloak",68,80,50,60,50,102,410
1516,887,"ghost","dragapult",88,120,75,100,75,142,600
1517,890,"dragon","eternatus",140,85,95,145,95,130,690
1518,892,"dark","urshifu-single-strike",100,130,100,63,60,97,550
1519,893,"grass","zarude",105,120,105,70,95,105,600
1520,898,"grass","calyrex",100,80,80,80,80,80,500
1521,899,"psychic","wyrdeer",103,105,72,105,75,65,525
1522,900,"rock","kleavor",70,135,95,45,70,85,500
1523,901,"normal","ursaluna",130,140,105,45,80,50,550
1524,902,"ghost","basculegion-male",120,112,65,80,75,78,530
1525,903,"poison","sneasler",80,130,60,40,80,120,510
1526,904,"poison","overqwil",85,115,95,65,65,85,510
1527,905,"flying","enamorus-incarnate",74,115,70,135,80,106,580
1528,908,"dark","meowscarada",76,110,70,81,70,123,530
1529,911,"ghost","skeledirge",104,75,100,110,75,66,530
1530,914,"fighting","quaquaval",85,120,80,85,75,85,530
1531,920,"dark","lokix",71,102,78,52,55,92,450
1532,922,"fighting","pawmo",60,75,40,50,40,85,350
1533,923,"fighting","pawmot",70,115,70,70,60,105,490
1534,928,"normal","smoliv",41,35,45,58,51,30,260
1535,929,"normal","dolliv",52,53,60,78,78,33,354
1536,930,"normal","arboliva",78,69,90,125,109,39,510
1537,931,"flying","squawkabilly-green-plumage",82,96,51,45,51,92,417
1538,936,"psychic","armarouge",85,60,100,125,80,75,525
1539,937,"ghost","ceruledge",75,125,80,60,100,85,525
1540,940,"flying","wattrel",40,40,35,55,40,70,280
1541,941,"flying","kilowattrel",70,70,60,105,60,125,490
1542,944,"normal","shroodle",40,65,35,40,35,75,290
1543,945,"normal","grafaiai",63,95,65,80,72,110,485
1544,946,"ghost","bramblin",40,65,30,45,35,60,275
1545,947,"ghost","brambleghast",55,115,70,80,70,90,480
1546,948,"grass","toedscool",40,40,35,50,100,70,335
1547,949,"grass","toedscruel",80,70,65,80,120,100,515
1548,952,"fire","scovillain",65,108,65,108,65,75,486
1549,954,"psychic","rabsca",75,50,85,115,100,45,470
1550,957,"steel","tinkatink",50,45,45,35,64,58,297
1551,958,"steel","tinkatuff",65,55,55,45,82,78,380
1552,959,"steel","tinkaton",85,75,77,70,105,94,506
1553,962,"dark","bombirdier",70,103,85,60,85,82,485
1554,965,"poison","varoom",45,70,63,30,45,47,300
1555,966,"poison","revavroom",80,119,90,54,67,90,500
1556,967,"normal","cyclizar",70,95,65,85,65,121,501
1557,969,"poison","glimmet",48,35,42,105,60,60,350
1558,970,"poison","glimmora",83,55,90,130,81,86,525
1559,973,"fighting","flamigo",82,115,74,75,64,90,500
1560,976,"psychic","veluza",90,102,73,78,65,70,478
1561,978,"water","tatsugiri-curly",68,50,60,120,95,82,475
1562,979,"ghost","annihilape",110,115,80,50,90,90,535
1563,980,"ground","clodsire",130,75,60,45,100,20,430
1564,981,"psychic","farigiraf",120,90,70,110,70,60,520
1565,983,"steel","kingambit",100,135,120,60,85,50,550
1566,984,"fighting","great-tusk",115,131,131,53,53,87,570
1567,985,"psychic","scream-tail",115,65,99,65,115,111,570
1568,986,"dark","brute-bonnet",111,127,99,79,99,55,570
1569,987,"fairy","flutter-mane",55,55,55,135,135,135,570
1570,988,"fighting","slither-wing",85,135,79,85,105,81,570
1571,989,"ground","sandy-shocks",85,81,97,121,85,101,570
1572,990,"steel","iron-treads",90,112,120,72,70,106,570
1573,991,"water","iron-bundle",56,80,114,124,60,136,570
1574,992,"electric","iron-hands",154,140,108,50,68,50,570
1575,993,"flying","iron-jugulis",94,80,86,122,80,108,570
1576,994,"poison","iron-moth",80,70,60,140,110,110,570
1577,995,"electric","iron-thorns",100,134,110,70,84,72,570
1578,996,"ice","frigibax",65,75,45,35,45,55,320
1579,997,"ice","arctibax",90,95,66,45,65,62,423
1580,998,"ice","baxcalibur",115,145,92,75,86,87,600
1581,1000,"ghost","gholdengo",87,60,95,133,91,84,550
1582,1001,"grass","wo-chien",85,85,100,95,135,70,570
1583,1002,"ice","chien-pao",80,120,80,90,65,135,570
1584,1003,"ground","ting-lu",155,110,125,55,80,45,570
1585,1004,"fire","chi-yu",55,80,80,135,120,100,570
1586,1005,"dark","roaring-moon",105,139,71,55,101,119,590
1587,1006,"fighting","iron-valiant",74,130,90,120,60,116,590
1588,1007,"dragon","koraidon",100,135,115,85,100,135,670
1589,1008,"dragon","miraidon",100,85,100,135,115,135,670
1590,1009,"dragon","walking-wake",99,83,91,125,83,109,590
1591,1010,"psychic","iron-leaves",90,130,88,70,108,104,590
1592,1011,"dragon","dipplin",80,80,110,95,80,40,485
1593,1012,"ghost","poltchageist",40,45,45,74,54,50,308
1594,1013,"ghost","sinistcha",71,60,106,121,80,70,508
1595,1014,"fighting","okidogi",88,128,115,58,86,80,555
1596,1015,"psychic","munkidori",88,75,66,130,90,106,555
1597,1016,"fairy","fezandipiti",88,91,82,70,125,99,555
1598,1018,"dragon","archaludon",90,105,130,125,65,85,600
1599,1019,"dragon","hydrapple",106,80,110,120,80,44,540
1600,1020,"dragon","gouging-fire",105,115,121,65,93,91,590
1601,1021,"dragon","raging-bolt",125,73,91,137,89,75,590
1602,1022,"psychic","iron-boulder",90,120,80,68,108,124,590
1603,1023,"psychic","iron-crown",90,72,100,122,108,98,590
1604,1025,"ghost","pecharunt",88,88,160,88,88,88,600
1605,10091,"normal","rattata-alola",30,56,35,25,35,72,253
1606,10092,"normal","raticate-alola",75,71,70,40,80,77,413
1607,10093,"normal","raticate-totem-alola",75,71,70,40,80,77,413
1608,10100,"psychic","raichu-alola",60,85,50,95,85,110,485
1609,10101,"steel","sandshrew-alola",50,75,90,10,35,40,300
1610,10102,"steel","sandslash-alola",75,100,120,25,65,65,450
1611,10104,"fairy","ninetales-alola",73,67,75,81,100,109,505
1612,10105,"steel","diglett-alola",10,55,30,35,45,90,265
1613,10106,"steel","dugtrio-alola",35,100,60,50,70,110,425
1614,10109,"electric","geodude-alola",40,80,100,30,30,20,300
1615,10110,"electric","graveler-alola",55,95,115,45,45,35,390
1616,10111,"electric","golem-alola",80,120,130,55,65,45,495
1617,10112,"dark","grimer-alola",80,80,50,40,50,25,325
1618,10113,"dark","muk-alola",105,105,75,65,100,50,500
1619,10114,"dragon","exeggutor-alola",95,105,85,125,75,45,530
1620,10115,"ghost","marowak-alola",60,80,110,50,80,45,425
1621,10163,"fairy","rapidash-galar",65,100,70,80,80,105,500
1622,10165,"psychic","slowbro-galar",95,100,95,100,70,30,490
1623,10167,"fairy","weezing-galar",65,90,120,85,70,60,490
1624,10168,"psychic","mr-mime-galar",50,65,65,90,90,100,460
1625,10169,"flying","articuno-galar",90,85,85,125,100,95,580
1626,10170,"flying","zapdos-galar",90,125,90,85,90,100,580
1627,10171,"flying","moltres-galar",90,85,90,100,125,90,580
1628,10172,"psychic","slowking-galar",95,65,80,110,110,30,490
1629,10174,"normal","zigzagoon-galar",38,30,41,30,41,60,240
1630,10175,"normal","linoone-galar",78,70,61,50,61,100,420
1631,10179,"ghost","yamask-galar",38,55,85,30,65,30,303
1632,10180,"steel","stunfisk-galar",109,81,99,66,84,32,471
1633,10229,"rock","growlithe-hisui",60,75,45,65,50,55,350
1634,10230,"rock","arcanine-hisui",95,115,80,95,80,90,555
1635,10231,"grass","voltorb-hisui",40,30,50,55,55,100,330
1636,10232,"grass","electrode-hisui",60,50,70,80,80,150,490
1637,10233,"ghost","typhlosion-hisui",73,84,78,119,85,95,534
1638,10234,"poison","qwilfish-hisui",65,95,85,55,55,85,440
1639,10235,"poison","sneasel-hisui",55,95,55,35,75,115,430
1640,10236,"dark","samurott-hisui",90,108,80,100,65,85,528
1641,10237,"fighting","lilligant-hisui",70,105,75,50,75,105,480
1642,10238,"ghost","zorua-hisui",35,60,40,85,40,70,330
1643,10239,"ghost","zoroark-hisui",55,100,60,125,60,110,510
1644,10240,"flying","braviary-hisui",110,83,70,112,70,65,510
1645,10241,"dragon","sliggoo-hisui",58,75,83,83,113,40,452
1646,10242,"dragon","goodra-hisui",80,100,100,110,150,60,600
1647,10243,"rock","avalugg-hisui",95,127,184,34,36,38,514
1648,10244,"fighting","decidueye-hisui",88,112,80,95,95,60,530
