pokemon_id,ability_name,is_hidden,slot
1,overgrow,False,1
1,chlorophyll,True,3
2,overgrow,False,1
2,chlorophyll,True,3
3,overgrow,False,1
3,chlorophyll,True,3
4,blaze,False,1
4,solar-power,True,3
5,blaze,False,1
5,solar-power,True,3
6,blaze,False,1
6,solar-power,True,3
7,torrent,False,1
7,rain-dish,True,3
8,torrent,False,1
8,rain-dish,True,3
9,torrent,False,1
9,rain-dish,True,3
10,shield-dust,False,1
10,run-away,True,3
11,shed-skin,False,1
12,compound-eyes,False,1
12,tinted-lens,True,3
13,shield-dust,False,1
13,run-away,True,3
14,shed-skin,False,1
15,swarm,False,1
15,sniper,True,3
16,keen-eye,False,1
16,tangled-feet,False,2
16,big-pecks,True,3
17,keen-eye,False,1
17,tangled-feet,False,2
17,big-pecks,True,3
18,keen-eye,False,1
18,tangled-feet,False,2
18,big-pecks,True,3
19,run-away,False,1
19,guts,False,2
19,hustle,True,3
20,run-away,False,1
20,guts,False,2
20,hustle,True,3
21,keen-eye,False,1
21,sniper,True,3
22,keen-eye,False,1
22,sniper,True,3
23,intimidate,False,1
23,shed-skin,False,2
23,unnerve,True,3
24,intimidate,False,1
24,shed-skin,False,2
24,unnerve,True,3
25,static,False,1
25,lightning-rod,True,3
26,static,False,1
26,lightning-rod,True,3
27,sand-veil,False,1
27,sand-rush,True,3
28,sand-veil,False,1
28,sand-rush,True,3
29,poison-point,False,1
29,rivalry,False,2
29,hustle,True,3
30,poison-point,False,1
30,rivalry,False,2
30,hustle,True,3
31,poison-point,False,1
31,rivalry,False,2
31,sheer-force,True,3
32,poison-point,False,1
32,rivalry,False,2
32,hustle,True,3
33,poison-point,False,1
33,rivalry,False,2
33,hustle,True,3
34,poison-point,False,1
34,rivalry,False,2
34,sheer-force,True,3
35,cute-charm,False,1
35,magic-guard,False,2
35,friend-guard,True,3
36,cute-charm,False,1
36,magic-guard,False,2
36,unaware,True,3
37,flash-fire,False,1
37,drought,True,3
38,flash-fire,False,1
38,drought,True,3
39,cute-charm,False,1
39,competitive,False,2
39,friend-guard,True,3
40,cute-charm,False,1
40,competitive,False,2
40,frisk,True,3
41,inner-focus,False,1
41,infiltrator,True,3
42,inner-focus,False,1
42,infiltrator,True,3
43,chlorophyll,False,1
43,run-away,True,3
44,chlorophyll,False,1
44,stench,True,3
45,chlorophyll,False,1
45,effect-spore,True,3
46,effect-spore,False,1
46,dry-skin,False,2
46,damp,True,3
47,effect-spore,False,1
47,dry-skin,False,2
47,damp,True,3
48,compound-eyes,False,1
48,tinted-lens,False,2
48,run-away,True,3
49,shield-dust,False,1
49,tinted-lens,False,2
49,wonder-skin,True,3
50,sand-veil,False,1
50,arena-trap,False,2
50,sand-force,True,3
51,sand-veil,False,1
51,arena-trap,False,2
51,sand-force,True,3
52,pickup,False,1
52,technician,False,2
52,unnerve,True,3
53,limber,False,1
53,technician,False,2
53,unnerve,True,3
54,damp,False,1
54,cloud-nine,False,2
54,swift-swim,True,3
55,damp,False,1
55,cloud-nine,False,2
55,swift-swim,True,3
56,vital-spirit,False,1
56,anger-point,False,2
56,defiant,True,3
57,vital-spirit,False,1
57,anger-point,False,2
57,defiant,True,3
58,intimidate,False,1
58,flash-fire,False,2
58,justified,True,3
59,intimidate,False,1
59,flash-fire,False,2
59,justified,True,3
60,water-absorb,False,1
60,damp,False,2
60,swift-swim,True,3
61,water-absorb,False,1
61,damp,False,2
61,swift-swim,True,3
62,water-absorb,False,1
62,damp,False,2
62,swift-swim,True,3
63,synchronize,False,1
63,inner-focus,False,2
63,magic-guard,True,3
64,synchronize,False,1
64,inner-focus,False,2
64,magic-guard,True,3
65,synchronize,False,1
65,inner-focus,False,2
65,magic-guard,True,3
66,guts,False,1
66,no-guard,False,2
66,steadfast,True,3
67,guts,False,1
67,no-guard,False,2
67,steadfast,True,3
68,guts,False,1
68,no-guard,False,2
68,steadfast,True,3
69,chlorophyll,False,1
69,gluttony,True,3
70,chlorophyll,False,1
70,gluttony,True,3
71,chlorophyll,False,1
71,gluttony,True,3
72,clear-body,False,1
72,liquid-ooze,False,2
72,rain-dish,True,3
73,clear-body,False,1
73,liquid-ooze,False,2
73,rain-dish,True,3
74,rock-head,False,1
74,sturdy,False,2
74,sand-veil,True,3
75,rock-head,False,1
75,sturdy,False,2
75,sand-veil,True,3
76,rock-head,False,1
76,sturdy,False,2
76,sand-veil,True,3
77,run-away,False,1
77,flash-fire,False,2
77,flame-body,True,3
78,run-away,False,1
78,flash-fire,False,2
78,flame-body,True,3
79,oblivious,False,1
79,own-tempo,False,2
79,regenerator,True,3
80,oblivious,False,1
80,own-tempo,False,2
80,regenerator,True,3
81,magnet-pull,False,1
81,sturdy,False,2
81,analytic,True,3
82,magnet-pull,False,1
82,sturdy,False,2
82,analytic,True,3
83,keen-eye,False,1
83,inner-focus,False,2
83,defiant,True,3
84,run-away,False,1
84,early-bird,False,2
84,tangled-feet,True,3
85,run-away,False,1
85,early-bird,False,2
85,tangled-feet,True,3
86,thick-fat,False,1
86,hydration,False,2
86,ice-body,True,3
87,thick-fat,False,1
87,hydration,False,2
87,ice-body,True,3
88,stench,False,1
88,sticky-hold,False,2
88,poison-touch,True,3
89,stench,False,1
89,sticky-hold,False,2
89,poison-touch,True,3
90,shell-armor,False,1
90,skill-link,False,2
90,overcoat,True,3
91,shell-armor,False,1
91,skill-link,False,2
91,overcoat,True,3
92,levitate,False,1
93,levitate,False,1
94,cursed-body,False,1
95,rock-head,False,1
95,sturdy,False,2
95,weak-armor,True,3
96,insomnia,False,1
96,forewarn,False,2
96,inner-focus,True,3
97,insomnia,False,1
97,forewarn,False,2
97,inner-focus,True,3
98,hyper-cutter,False,1
98,shell-armor,False,2
98,sheer-force,True,3
99,hyper-cutter,False,1
99,shell-armor,False,2
99,sheer-force,True,3
100,soundproof,False,1
100,static,False,2
100,aftermath,True,3
101,soundproof,False,1
101,static,False,2
101,aftermath,True,3
102,chlorophyll,False,1
102,harvest,True,3
103,chlorophyll,False,1
103,harvest,True,3
104,rock-head,False,1
104,lightning-rod,False,2
104,battle-armor,True,3
105,rock-head,False,1
105,lightning-rod,False,2
105,battle-armor,True,3
106,limber,False,1
106,reckless,False,2
106,unburden,True,3
107,keen-eye,False,1
107,iron-fist,False,2
107,inner-focus,True,3
108,own-tempo,False,1
108,oblivious,False,2
108,cloud-nine,True,3
109,levitate,False,1
109,neutralizing-gas,False,2
109,stench,True,3
110,levitate,False,1
110,neutralizing-gas,False,2
110,stench,True,3
111,lightning-rod,False,1
111,rock-head,False,2
111,reckless,True,3
112,lightning-rod,False,1
112,rock-head,False,2
112,reckless,True,3
113,natural-cure,False,1
113,serene-grace,False,2
113,healer,True,3
114,chlorophyll,False,1
114,leaf-guard,False,2
114,regenerator,True,3
115,early-bird,False,1
115,scrappy,False,2
115,inner-focus,True,3
116,swift-swim,False,1
116,sniper,False,2
116,damp,True,3
117,poison-point,False,1
117,sniper,False,2
117,damp,True,3
118,swift-swim,False,1
118,water-veil,False,2
118,lightning-rod,True,3
119,swift-swim,False,1
119,water-veil,False,2
119,lightning-rod,True,3
120,illuminate,False,1
120,natural-cure,False,2
120,analytic,True,3
121,illuminate,False,1
121,natural-cure,False,2
121,analytic,True,3
122,soundproof,False,1
122,filter,False,2
122,technician,True,3
123,swarm,False,1
123,technician,False,2
123,steadfast,True,3
124,oblivious,False,1
124,forewarn,False,2
124,dry-skin,True,3
125,static,False,1
125,vital-spirit,True,3
126,flame-body,False,1
126,vital-spirit,True,3
127,hyper-cutter,False,1
127,mold-breaker,False,2
127,moxie,True,3
128,intimidate,False,1
128,anger-point,False,2
128,sheer-force,True,3
129,swift-swim,False,1
129,rattled,True,3
130,intimidate,False,1
130,moxie,True,3
131,water-absorb,False,1
131,shell-armor,False,2
131,hydration,True,3
132,limber,False,1
132,imposter,True,3
133,run-away,False,1
133,adaptability,False,2
133,anticipation,True,3
134,water-absorb,False,1
134,hydration,True,3
135,volt-absorb,False,1
135,quick-feet,True,3
136,flash-fire,False,1
136,guts,True,3
137,trace,False,1
137,download,False,2
137,analytic,True,3
138,swift-swim,False,1
138,shell-armor,False,2
138,weak-armor,True,3
139,swift-swim,False,1
139,shell-armor,False,2
139,weak-armor,True,3
140,swift-swim,False,1
140,battle-armor,False,2
140,weak-armor,True,3
141,swift-swim,False,1
141,battle-armor,False,2
141,weak-armor,True,3
142,rock-head,False,1
142,pressure,False,2
142,unnerve,True,3
143,immunity,False,1
143,thick-fat,False,2
143,gluttony,True,3
144,pressure,False,1
144,snow-cloak,True,3
145,pressure,False,1
145,static,True,3
146,pressure,False,1
146,flame-body,True,3
147,shed-skin,False,1
147,marvel-scale,True,3
148,shed-skin,False,1
148,marvel-scale,True,3
149,inner-focus,False,1
149,multiscale,True,3
150,pressure,False,1
150,unnerve,True,3
151,synchronize,False,1
152,overgrow,False,1
152,leaf-guard,True,3
153,overgrow,False,1
153,leaf-guard,True,3
154,overgrow,False,1
154,leaf-guard,True,3
155,blaze,False,1
155,flash-fire,True,3
156,blaze,False,1
156,flash-fire,True,3
157,blaze,False,1
157,flash-fire,True,3
158,torrent,False,1
158,sheer-force,True,3
159,torrent,False,1
159,sheer-force,True,3
160,torrent,False,1
160,sheer-force,True,3
161,run-away,False,1
161,keen-eye,False,2
161,frisk,True,3
162,run-away,False,1
162,keen-eye,False,2
162,frisk,True,3
163,insomnia,False,1
163,keen-eye,False,2
163,tinted-lens,True,3
164,insomnia,False,1
164,keen-eye,False,2
164,tinted-lens,True,3
165,swarm,False,1
165,early-bird,False,2
165,rattled,True,3
166,swarm,False,1
166,early-bird,False,2
166,iron-fist,True,3
167,swarm,False,1
167,insomnia,False,2
167,sniper,True,3
168,swarm,False,1
168,insomnia,False,2
168,sniper,True,3
169,inner-focus,False,1
169,infiltrator,True,3
170,volt-absorb,False,1
170,illuminate,False,2
170,water-absorb,True,3
171,volt-absorb,False,1
171,illuminate,False,2
171,water-absorb,True,3
172,static,False,1
172,lightning-rod,True,3
173,cute-charm,False,1
173,magic-guard,False,2
173,friend-guard,True,3
174,cute-charm,False,1
174,competitive,False,2
174,friend-guard,True,3
175,hustle,False,1
175,serene-grace,False,2
175,super-luck,True,3
176,hustle,False,1
176,serene-grace,False,2
176,super-luck,True,3
177,synchronize,False,1
177,early-bird,False,2
177,magic-bounce,True,3
178,synchronize,False,1
178,early-bird,False,2
178,magic-bounce,True,3
179,static,False,1
179,plus,True,3
180,static,False,1
180,plus,True,3
181,static,False,1
181,plus,True,3
182,chlorophyll,False,1
182,healer,True,3
183,thick-fat,False,1
183,huge-power,False,2
183,sap-sipper,True,3
184,thick-fat,False,1
184,huge-power,False,2
184,sap-sipper,True,3
185,sturdy,False,1
185,rock-head,False,2
185,rattled,True,3
186,water-absorb,False,1
186,damp,False,2
186,drizzle,True,3
187,chlorophyll,False,1
187,leaf-guard,False,2
187,infiltrator,True,3
188,chlorophyll,False,1
188,leaf-guard,False,2
188,infiltrator,True,3
189,chlorophyll,False,1
189,leaf-guard,False,2
189,infiltrator,True,3
190,run-away,False,1
190,pickup,False,2
190,skill-link,True,3
191,chlorophyll,False,1
191,solar-power,False,2
191,early-bird,True,3
192,chlorophyll,False,1
192,solar-power,False,2
192,early-bird,True,3
193,speed-boost,False,1
193,compound-eyes,False,2
193,frisk,True,3
194,damp,False,1
194,water-absorb,False,2
194,unaware,True,3
195,damp,False,1
195,water-absorb,False,2
195,unaware,True,3
196,synchronize,False,1
196,magic-bounce,True,3
197,synchronize,False,1
197,inner-focus,True,3
198,insomnia,False,1
198,super-luck,False,2
198,prankster,True,3
199,oblivious,False,1
199,own-tempo,False,2
199,regenerator,True,3
200,levitate,False,1
201,levitate,False,1
202,shadow-tag,False,1
202,telepathy,True,3
203,inner-focus,False,1
203,early-bird,False,2
203,sap-sipper,True,3
204,sturdy,False,1
204,overcoat,True,3
205,sturdy,False,1
205,overcoat,True,3
206,serene-grace,False,1
206,run-away,False,2
206,rattled,True,3
207,hyper-cutter,False,1
207,sand-veil,False,2
207,immunity,True,3
208,rock-head,False,1
208,sturdy,False,2
208,sheer-force,True,3
209,intimidate,False,1
209,run-away,False,2
209,rattled,True,3
210,intimidate,False,1
210,quick-feet,False,2
210,rattled,True,3
211,poison-point,False,1
211,swift-swim,False,2
211,intimidate,True,3
212,swarm,False,1
212,technician,False,2
212,light-metal,True,3
213,sturdy,False,1
213,gluttony,False,2
213,contrary,True,3
214,swarm,False,1
214,guts,False,2
214,moxie,True,3
215,inner-focus,False,1
215,keen-eye,False,2
215,pickpocket,True,3
216,pickup,False,1
216,quick-feet,False,2
216,honey-gather,True,3
217,guts,False,1
217,quick-feet,False,2
217,unnerve,True,3
218,magma-armor,False,1
218,flame-body,False,2
218,weak-armor,True,3
219,magma-armor,False,1
219,flame-body,False,2
219,weak-armor,True,3
220,oblivious,False,1
220,snow-cloak,False,2
220,thick-fat,True,3
221,oblivious,False,1
221,snow-cloak,False,2
221,thick-fat,True,3
222,hustle,False,1
222,natural-cure,False,2
222,regenerator,True,3
223,hustle,False,1
223,sniper,False,2
223,moody,True,3
224,suction-cups,False,1
224,sniper,False,2
224,moody,True,3
225,vital-spirit,False,1
225,hustle,False,2
225,insomnia,True,3
226,swift-swim,False,1
226,water-absorb,False,2
226,water-veil,True,3
227,keen-eye,False,1
227,sturdy,False,2
227,weak-armor,True,3
228,early-bird,False,1
228,flash-fire,False,2
228,unnerve,True,3
229,early-bird,False,1
229,flash-fire,False,2
229,unnerve,True,3
230,swift-swim,False,1
230,sniper,False,2
230,damp,True,3
231,pickup,False,1
231,sand-veil,True,3
232,sturdy,False,1
232,sand-veil,True,3
233,trace,False,1
233,download,False,2
233,analytic,True,3
234,intimidate,False,1
234,frisk,False,2
234,sap-sipper,True,3
235,own-tempo,False,1
235,technician,False,2
235,moody,True,3
236,guts,False,1
236,steadfast,False,2
236,vital-spirit,True,3
237,intimidate,False,1
237,technician,False,2
237,steadfast,True,3
238,oblivious,False,1
238,forewarn,False,2
238,hydration,True,3
239,static,False,1
239,vital-spirit,True,3
240,flame-body,False,1
240,vital-spirit,True,3
241,thick-fat,False,1
241,scrappy,False,2
241,sap-sipper,True,3
242,natural-cure,False,1
242,serene-grace,False,2
242,healer,True,3
243,pressure,False,1
243,inner-focus,True,3
244,pressure,False,1
244,inner-focus,True,3
245,pressure,False,1
245,inner-focus,True,3
246,guts,False,1
246,sand-veil,True,3
247,shed-skin,False,1
248,sand-stream,False,1
248,unnerve,True,3
249,pressure,False,1
249,multiscale,True,3
250,pressure,False,1
250,regenerator,True,3
251,natural-cure,False,1
252,overgrow,False,1
252,unburden,True,3
253,overgrow,False,1
253,unburden,True,3
254,overgrow,False,1
254,unburden,True,3
255,blaze,False,1
255,speed-boost,True,3
256,blaze,False,1
256,speed-boost,True,3
257,blaze,False,1
257,speed-boost,True,3
258,torrent,False,1
258,damp,True,3
259,torrent,False,1
259,damp,True,3
260,torrent,False,1
260,damp,True,3
261,run-away,False,1
261,quick-feet,False,2
261,rattled,True,3
262,intimidate,False,1
262,quick-feet,False,2
262,moxie,True,3
263,pickup,False,1
263,gluttony,False,2
263,quick-feet,True,3
264,pickup,False,1
264,gluttony,False,2
264,quick-feet,True,3
265,shield-dust,False,1
265,run-away,True,3
266,shed-skin,False,1
267,swarm,False,1
267,rivalry,True,3
268,shed-skin,False,1
269,shield-dust,False,1
269,compound-eyes,True,3
270,swift-swim,False,1
270,rain-dish,False,2
270,own-tempo,True,3
271,swift-swim,False,1
271,rain-dish,False,2
271,own-tempo,True,3
272,swift-swim,False,1
272,rain-dish,False,2
272,own-tempo,True,3
273,chlorophyll,False,1
273,early-bird,False,2
273,pickpocket,True,3
274,chlorophyll,False,1
274,early-bird,False,2
274,pickpocket,True,3
275,chlorophyll,False,1
275,wind-rider,False,2
275,pickpocket,True,3
276,guts,False,1
276,scrappy,True,3
277,guts,False,1
277,scrappy,True,3
278,keen-eye,False,1
278,hydration,False,2
278,rain-dish,True,3
279,keen-eye,False,1
279,drizzle,False,2
279,rain-dish,True,3
280,synchronize,False,1
280,trace,False,2
280,telepathy,True,3
281,synchronize,False,1
281,trace,False,2
281,telepathy,True,3
282,synchronize,False,1
282,trace,False,2
282,telepathy,True,3
283,swift-swim,False,1
283,rain-dish,True,3
284,intimidate,False,1
284,unnerve,True,3
285,effect-spore,False,1
285,poison-heal,False,2
285,quick-feet,True,3
286,effect-spore,False,1
286,poison-heal,False,2
286,technician,True,3
287,truant,False,1
288,vital-spirit,False,1
289,truant,False,1
290,compound-eyes,False,1
290,run-away,True,3
291,speed-boost,False,1
291,infiltrator,True,3
292,wonder-guard,False,1
293,soundproof,False,1
293,rattled,True,3
294,soundproof,False,1
294,scrappy,True,3
295,soundproof,False,1
295,scrappy,True,3
296,thick-fat,False,1
296,guts,False,2
296,sheer-force,True,3
297,thick-fat,False,1
297,guts,False,2
297,sheer-force,True,3
298,thick-fat,False,1
298,huge-power,False,2
298,sap-sipper,True,3
299,sturdy,False,1
299,magnet-pull,False,2
299,sand-force,True,3
300,cute-charm,False,1
300,normalize,False,2
300,wonder-skin,True,3
301,cute-charm,False,1
301,normalize,False,2
301,wonder-skin,True,3
302,keen-eye,False,1
302,stall,False,2
302,prankster,True,3
303,hyper-cutter,False,1
303,intimidate,False,2
303,sheer-force,True,3
304,sturdy,False,1
304,rock-head,False,2
304,heavy-metal,True,3
305,sturdy,False,1
305,rock-head,False,2
305,heavy-metal,True,3
306,sturdy,False,1
306,rock-head,False,2
306,heavy-metal,True,3
307,pure-power,False,1
307,telepathy,True,3
308,pure-power,False,1
308,telepathy,True,3
309,static,False,1
309,lightning-rod,False,2
309,minus,True,3
310,static,False,1
310,lightning-rod,False,2
310,minus,True,3
311,plus,False,1
311,lightning-rod,True,3
312,minus,False,1
312,volt-absorb,True,3
313,illuminate,False,1
313,swarm,False,2
313,prankster,True,3
314,oblivious,False,1
314,tinted-lens,False,2
314,prankster,True,3
315,natural-cure,False,1
315,poison-point,False,2
315,leaf-guard,True,3
316,liquid-ooze,False,1
316,sticky-hold,False,2
316,gluttony,True,3
317,liquid-ooze,False,1
317,sticky-hold,False,2
317,gluttony,True,3
318,rough-skin,False,1
318,speed-boost,True,3
319,rough-skin,False,1
319,speed-boost,True,3
320,water-veil,False,1
320,oblivious,False,2
320,pressure,True,3
321,water-veil,False,1
321,oblivious,False,2
321,pressure,True,3
322,oblivious,False,1
322,simple,False,2
322,own-tempo,True,3
323,magma-armor,False,1
323,solid-rock,False,2
323,anger-point,True,3
324,white-smoke,False,1
324,drought,False,2
324,shell-armor,True,3
325,thick-fat,False,1
325,own-tempo,False,2
325,gluttony,True,3
326,thick-fat,False,1
326,own-tempo,False,2
326,gluttony,True,3
327,own-tempo,False,1
327,tangled-feet,False,2
327,contrary,True,3
328,hyper-cutter,False,1
328,arena-trap,False,2
328,sheer-force,True,3
329,levitate,False,1
330,levitate,False,1
331,sand-veil,False,1
331,water-absorb,True,3
332,sand-veil,False,1
332,water-absorb,True,3
333,natural-cure,False,1
333,cloud-nine,True,3
334,natural-cure,False,1
334,cloud-nine,True,3
335,immunity,False,1
335,toxic-boost,True,3
336,shed-skin,False,1
336,infiltrator,True,3
337,levitate,False,1
338,levitate,False,1
339,oblivious,False,1
339,anticipation,False,2
339,hydration,True,3
340,oblivious,False,1
340,anticipation,False,2
340,hydration,True,3
341,hyper-cutter,False,1
341,shell-armor,False,2
341,adaptability,True,3
342,hyper-cutter,False,1
342,shell-armor,False,2
342,adaptability,True,3
343,levitate,False,1
344,levitate,False,1
345,suction-cups,False,1
345,storm-drain,True,3
346,suction-cups,False,1
346,storm-drain,True,3
347,battle-armor,False,1
347,swift-swim,True,3
348,battle-armor,False,1
348,swift-swim,True,3
349,swift-swim,False,1
349,oblivious,False,2
349,adaptability,True,3
350,marvel-scale,False,1
350,competitive,False,2
350,cute-charm,True,3
351,forecast,False,1
352,color-change,False,1
352,protean,True,3
353,insomnia,False,1
353,frisk,False,2
353,cursed-body,True,3
354,insomnia,False,1
354,frisk,False,2
354,cursed-body,True,3
355,levitate,False,1
355,frisk,True,3
356,pressure,False,1
356,frisk,True,3
357,chlorophyll,False,1
357,solar-power,False,2
357,harvest,True,3
358,levitate,False,1
359,pressure,False,1
359,super-luck,False,2
359,justified,True,3
360,shadow-tag,False,1
360,telepathy,True,3
361,inner-focus,False,1
361,ice-body,False,2
361,moody,True,3
362,inner-focus,False,1
362,ice-body,False,2
362,moody,True,3
363,thick-fat,False,1
363,ice-body,False,2
363,oblivious,True,3
364,thick-fat,False,1
364,ice-body,False,2
364,oblivious,True,3
365,thick-fat,False,1
365,ice-body,False,2
365,oblivious,True,3
366,shell-armor,False,1
366,rattled,True,3
367,swift-swim,False,1
367,water-veil,True,3
368,swift-swim,False,1
368,hydration,True,3
369,swift-swim,False,1
369,rock-head,False,2
369,sturdy,True,3
370,swift-swim,False,1
370,hydration,True,3
371,rock-head,False,1
371,sheer-force,True,3
372,rock-head,False,1
372,overcoat,True,3
373,intimidate,False,1
373,moxie,True,3
374,clear-body,False,1
374,light-metal,True,3
375,clear-body,False,1
375,light-metal,True,3
376,clear-body,False,1
376,light-metal,True,3
377,clear-body,False,1
377,sturdy,True,3
378,clear-body,False,1
378,ice-body,True,3
379,clear-body,False,1
379,light-metal,True,3
380,levitate,False,1
381,levitate,False,1
382,drizzle,False,1
383,drought,False,1
384,air-lock,False,1
385,serene-grace,False,1
386,pressure,False,1
387,overgrow,False,1
387,shell-armor,True,3
388,overgrow,False,1
388,shell-armor,True,3
389,overgrow,False,1
389,shell-armor,True,3
390,blaze,False,1
390,iron-fist,True,3
391,blaze,False,1
391,iron-fist,True,3
392,blaze,False,1
392,iron-fist,True,3
393,torrent,False,1
393,competitive,True,3
394,torrent,False,1
394,competitive,True,3
395,torrent,False,1
395,competitive,True,3
396,keen-eye,False,1
396,reckless,True,3
397,intimidate,False,1
397,reckless,True,3
398,intimidate,False,1
398,reckless,True,3
399,simple,False,1
399,unaware,False,2
399,moody,True,3
400,simple,False,1
400,unaware,False,2
400,moody,True,3
401,shed-skin,False,1
401,run-away,True,3
402,swarm,False,1
402,technician,True,3
403,rivalry,False,1
403,intimidate,False,2
403,guts,True,3
404,rivalry,False,1
404,intimidate,False,2
404,guts,True,3
405,rivalry,False,1
405,intimidate,False,2
405,guts,True,3
406,natural-cure,False,1
406,poison-point,False,2
406,leaf-guard,True,3
407,natural-cure,False,1
407,poison-point,False,2
407,technician,True,3
408,mold-breaker,False,1
408,sheer-force,True,3
409,mold-breaker,False,1
409,sheer-force,True,3
410,sturdy,False,1
410,soundproof,True,3
411,sturdy,False,1
411,soundproof,True,3
412,shed-skin,False,1
412,overcoat,True,3
413,anticipation,False,1
413,overcoat,True,3
414,swarm,False,1
414,tinted-lens,True,3
415,honey-gather,False,1
415,hustle,True,3
416,pressure,False,1
416,unnerve,True,3
417,run-away,False,1
417,pickup,False,2
417,volt-absorb,True,3
418,swift-swim,False,1
418,water-veil,True,3
419,swift-swim,False,1
419,water-veil,True,3
420,chlorophyll,False,1
421,flower-gift,False,1
422,sticky-hold,False,1
422,storm-drain,False,2
422,sand-force,True,3
423,sticky-hold,False,1
423,storm-drain,False,2
423,sand-force,True,3
424,technician,False,1
424,pickup,False,2
424,skill-link,True,3
425,aftermath,False,1
425,unburden,False,2
425,flare-boost,True,3
426,aftermath,False,1
426,unburden,False,2
426,flare-boost,True,3
427,run-away,False,1
427,klutz,False,2
427,limber,True,3
428,cute-charm,False,1
428,klutz,False,2
428,limber,True,3
429,levitate,False,1
430,insomnia,False,1
430,super-luck,False,2
430,moxie,True,3
431,limber,False,1
431,own-tempo,False,2
431,keen-eye,True,3
432,thick-fat,False,1
432,own-tempo,False,2
432,defiant,True,3
433,levitate,False,1
434,stench,False,1
434,aftermath,False,2
434,keen-eye,True,3
435,stench,False,1
435,aftermath,False,2
435,keen-eye,True,3
436,levitate,False,1
436,heatproof,False,2
436,heavy-metal,True,3
437,levitate,False,1
437,heatproof,False,2
437,heavy-metal,True,3
438,sturdy,False,1
438,rock-head,False,2
438,rattled,True,3
439,soundproof,False,1
439,filter,False,2
439,technician,True,3
440,natural-cure,False,1
440,serene-grace,False,2
440,friend-guard,True,3
441,keen-eye,False,1
441,tangled-feet,False,2
441,big-pecks,True,3
442,pressure,False,1
442,infiltrator,True,3
443,sand-veil,False,1
443,rough-skin,True,3
444,sand-veil,False,1
444,rough-skin,True,3
445,sand-veil,False,1
445,rough-skin,True,3
446,pickup,False,1
446,thick-fat,False,2
446,gluttony,True,3
447,steadfast,False,1
447,inner-focus,False,2
447,prankster,True,3
448,steadfast,False,1
448,inner-focus,False,2
448,justified,True,3
449,sand-stream,False,1
449,sand-force,True,3
450,sand-stream,False,1
450,sand-force,True,3
451,battle-armor,False,1
451,sniper,False,2
451,keen-eye,True,3
452,battle-armor,False,1
452,sniper,False,2
452,keen-eye,True,3
453,anticipation,False,1
453,dry-skin,False,2
453,poison-touch,True,3
454,anticipation,False,1
454,dry-skin,False,2
454,poison-touch,True,3
455,levitate,False,1
456,swift-swim,False,1
456,storm-drain,False,2
456,water-veil,True,3
457,swift-swim,False,1
457,storm-drain,False,2
457,water-veil,True,3
458,swift-swim,False,1
458,water-absorb,False,2
458,water-veil,True,3
459,snow-warning,False,1
459,soundproof,True,3
460,snow-warning,False,1
460,soundproof,True,3
461,pressure,False,1
461,pickpocket,True,3
462,magnet-pull,False,1
462,sturdy,False,2
462,analytic,True,3
463,own-tempo,False,1
463,oblivious,False,2
463,cloud-nine,True,3
464,lightning-rod,False,1
464,solid-rock,False,2
464,reckless,True,3
465,chlorophyll,False,1
465,leaf-guard,False,2
465,regenerator,True,3
466,motor-drive,False,1
466,vital-spirit,True,3
467,flame-body,False,1
467,vital-spirit,True,3
468,hustle,False,1
468,serene-grace,False,2
468,super-luck,True,3
469,speed-boost,False,1
469,tinted-lens,False,2
469,frisk,True,3
470,leaf-guard,False,1
470,chlorophyll,True,3
471,snow-cloak,False,1
471,ice-body,True,3
472,hyper-cutter,False,1
472,sand-veil,False,2
472,poison-heal,True,3
473,oblivious,False,1
473,snow-cloak,False,2
473,thick-fat,True,3
474,adaptability,False,1
474,download,False,2
474,analytic,True,3
475,steadfast,False,1
475,sharpness,False,2
475,justified,True,3
476,sturdy,False,1
476,magnet-pull,False,2
476,sand-force,True,3
477,pressure,False,1
477,frisk,True,3
478,snow-cloak,False,1
478,cursed-body,True,3
479,levitate,False,1
480,levitate,False,1
481,levitate,False,1
482,levitate,False,1
483,pressure,False,1
483,telepathy,True,3
484,pressure,False,1
484,telepathy,True,3
485,flash-fire,False,1
485,flame-body,True,3
486,slow-start,False,1
487,pressure,False,1
487,telepathy,True,3
488,levitate,False,1
489,hydration,False,1
490,hydration,False,1
491,bad-dreams,False,1
492,natural-cure,False,1
493,multitype,False,1
494,victory-star,False,1
495,overgrow,False,1
495,contrary,True,3
496,overgrow,False,1
496,contrary,True,3
497,overgrow,False,1
497,contrary,True,3
498,blaze,False,1
498,thick-fat,True,3
499,blaze,False,1
499,thick-fat,True,3
500,blaze,False,1
500,reckless,True,3
501,torrent,False,1
501,shell-armor,True,3
502,torrent,False,1
502,shell-armor,True,3
503,torrent,False,1
503,shell-armor,True,3
504,run-away,False,1
504,keen-eye,False,2
504,analytic,True,3
505,illuminate,False,1
505,keen-eye,False,2
505,analytic,True,3
506,vital-spirit,False,1
506,pickup,False,2
506,run-away,True,3
507,intimidate,False,1
507,sand-rush,False,2
507,scrappy,True,3
508,intimidate,False,1
508,sand-rush,False,2
508,scrappy,True,3
509,limber,False,1
509,unburden,False,2
509,prankster,True,3
510,limber,False,1
510,unburden,False,2
510,prankster,True,3
511,gluttony,False,1
511,overgrow,True,3
512,gluttony,False,1
512,overgrow,True,3
513,gluttony,False,1
513,blaze,True,3
514,gluttony,False,1
514,blaze,True,3
515,gluttony,False,1
515,torrent,True,3
516,gluttony,False,1
516,torrent,True,3
517,forewarn,False,1
517,synchronize,False,2
517,telepathy,True,3
518,forewarn,False,1
518,synchronize,False,2
518,telepathy,True,3
519,big-pecks,False,1
519,super-luck,False,2
519,rivalry,True,3
520,big-pecks,False,1
520,super-luck,False,2
520,rivalry,True,3
521,big-pecks,False,1
521,super-luck,False,2
521,rivalry,True,3
522,lightning-rod,False,1
522,motor-drive,False,2
522,sap-sipper,True,3
523,lightning-rod,False,1
523,motor-drive,False,2
523,sap-sipper,True,3
524,sturdy,False,1
524,weak-armor,False,2
524,sand-force,True,3
525,sturdy,False,1
525,weak-armor,False,2
525,sand-force,True,3
526,sturdy,False,1
526,sand-stream,False,2
526,sand-force,True,3
527,unaware,False,1
527,klutz,False,2
527,simple,True,3
528,unaware,False,1
528,klutz,False,2
528,simple,True,3
529,sand-rush,False,1
529,sand-force,False,2
529,mold-breaker,True,3
530,sand-rush,False,1
530,sand-force,False,2
530,mold-breaker,True,3
531,healer,False,1
531,regenerator,False,2
531,klutz,True,3
532,guts,False,1
532,sheer-force,False,2
532,iron-fist,True,3
533,guts,False,1
533,sheer-force,False,2
533,iron-fist,True,3
534,guts,False,1
534,sheer-force,False,2
534,iron-fist,True,3
535,swift-swim,False,1
535,hydration,False,2
535,water-absorb,True,3
536,swift-swim,False,1
536,hydration,False,2
536,water-absorb,True,3
537,swift-swim,False,1
537,poison-touch,False,2
537,water-absorb,True,3
538,guts,False,1
538,inner-focus,False,2
538,mold-breaker,True,3
539,sturdy,False,1
539,inner-focus,False,2
539,mold-breaker,True,3
540,swarm,False,1
540,chlorophyll,False,2
540,overcoat,True,3
541,leaf-guard,False,1
541,chlorophyll,False,2
541,overcoat,True,3
542,swarm,False,1
542,chlorophyll,False,2
542,overcoat,True,3
543,poison-point,False,1
543,swarm,False,2
543,speed-boost,True,3
544,poison-point,False,1
544,swarm,False,2
544,speed-boost,True,3
545,poison-point,False,1
545,swarm,False,2
545,speed-boost,True,3
546,prankster,False,1
546,infiltrator,False,2
546,chlorophyll,True,3
547,prankster,False,1
547,infiltrator,False,2
547,chlorophyll,True,3
548,chlorophyll,False,1
548,own-tempo,False,2
548,leaf-guard,True,3
549,chlorophyll,False,1
549,own-tempo,False,2
549,leaf-guard,True,3
550,reckless,False,1
550,adaptability,False,2
550,mold-breaker,True,3
551,intimidate,False,1
551,moxie,False,2
551,anger-point,True,3
552,intimidate,False,1
552,moxie,False,2
552,anger-point,True,3
553,intimidate,False,1
553,moxie,False,2
553,anger-point,True,3
554,hustle,False,1
554,inner-focus,True,3
555,sheer-force,False,1
555,zen-mode,True,3
556,water-absorb,False,1
556,chlorophyll,False,2
556,storm-drain,True,3
557,sturdy,False,1
557,shell-armor,False,2
557,weak-armor,True,3
558,sturdy,False,1
558,shell-armor,False,2
558,weak-armor,True,3
559,shed-skin,False,1
559,moxie,False,2
559,intimidate,True,3
560,shed-skin,False,1
560,moxie,False,2
560,intimidate,True,3
561,wonder-skin,False,1
561,magic-guard,False,2
561,tinted-lens,True,3
562,mummy,False,1
563,mummy,False,1
564,solid-rock,False,1
564,sturdy,False,2
564,swift-swim,True,3
565,solid-rock,False,1
565,sturdy,False,2
565,swift-swim,True,3
566,defeatist,False,1
567,defeatist,False,1
568,stench,False,1
568,sticky-hold,False,2
568,aftermath,True,3
569,stench,False,1
569,weak-armor,False,2
569,aftermath,True,3
570,illusion,False,1
571,illusion,False,1
572,cute-charm,False,1
572,technician,False,2
572,skill-link,True,3
573,cute-charm,False,1
573,technician,False,2
573,skill-link,True,3
574,frisk,False,1
574,competitive,False,2
574,shadow-tag,True,3
575,frisk,False,1
575,competitive,False,2
575,shadow-tag,True,3
576,frisk,False,1
576,competitive,False,2
576,shadow-tag,True,3
577,overcoat,False,1
577,magic-guard,False,2
577,regenerator,True,3
578,overcoat,False,1
578,magic-guard,False,2
578,regenerator,True,3
579,overcoat,False,1
579,magic-guard,False,2
579,regenerator,True,3
580,keen-eye,False,1
580,big-pecks,False,2
580,hydration,True,3
581,keen-eye,False,1
581,big-pecks,False,2
581,hydration,True,3
582,ice-body,False,1
582,snow-cloak,False,2
582,weak-armor,True,3
583,ice-body,False,1
583,snow-cloak,False,2
583,weak-armor,True,3
584,ice-body,False,1
584,snow-warning,False,2
584,weak-armor,True,3
585,chlorophyll,False,1
585,sap-sipper,False,2
585,serene-grace,True,3
586,chlorophyll,False,1
586,sap-sipper,False,2
586,serene-grace,True,3
587,static,False,1
587,motor-drive,True,3
588,swarm,False,1
588,shed-skin,False,2
588,no-guard,True,3
589,swarm,False,1
589,shell-armor,False,2
589,overcoat,True,3
590,effect-spore,False,1
590,regenerator,True,3
591,effect-spore,False,1
591,regenerator,True,3
592,water-absorb,False,1
592,cursed-body,False,2
592,damp,True,3
593,water-absorb,False,1
593,cursed-body,False,2
593,damp,True,3
594,healer,False,1
594,hydration,False,2
594,regenerator,True,3
595,compound-eyes,False,1
595,unnerve,False,2
595,swarm,True,3
596,compound-eyes,False,1
596,unnerve,False,2
596,swarm,True,3
597,iron-barbs,False,1
598,iron-barbs,False,1
598,anticipation,True,3
599,plus,False,1
599,minus,False,2
599,clear-body,True,3
600,plus,False,1
600,minus,False,2
600,clear-body,True,3
601,plus,False,1
601,minus,False,2
601,clear-body,True,3
602,levitate,False,1
603,levitate,False,1
604,levitate,False,1
605,telepathy,False,1
605,synchronize,False,2
605,analytic,True,3
606,telepathy,False,1
606,synchronize,False,2
606,analytic,True,3
607,flash-fire,False,1
607,flame-body,False,2
607,infiltrator,True,3
608,flash-fire,False,1
608,flame-body,False,2
608,infiltrator,True,3
609,flash-fire,False,1
609,flame-body,False,2
609,infiltrator,True,3
610,rivalry,False,1
610,mold-breaker,False,2
610,unnerve,True,3
611,rivalry,False,1
611,mold-breaker,False,2
611,unnerve,True,3
612,rivalry,False,1
612,mold-breaker,False,2
612,unnerve,True,3
613,snow-cloak,False,1
613,slush-rush,False,2
613,rattled,True,3
614,snow-cloak,False,1
614,slush-rush,False,2
614,swift-swim,True,3
615,levitate,False,1
616,hydration,False,1
616,shell-armor,False,2
616,overcoat,True,3
617,hydration,False,1
617,sticky-hold,False,2
617,unburden,True,3
618,static,False,1
618,limber,False,2
618,sand-veil,True,3
619,inner-focus,False,1
619,regenerator,False,2
619,reckless,True,3
620,inner-focus,False,1
620,regenerator,False,2
620,reckless,True,3
621,rough-skin,False,1
621,sheer-force,False,2
621,mold-breaker,True,3
622,iron-fist,False,1
622,klutz,False,2
622,no-guard,True,3
623,iron-fist,False,1
623,klutz,False,2
623,no-guard,True,3
624,defiant,False,1
624,inner-focus,False,2
624,pressure,True,3
625,defiant,False,1
625,inner-focus,False,2
625,pressure,True,3
626,reckless,False,1
626,sap-sipper,False,2
626,soundproof,True,3
627,keen-eye,False,1
627,sheer-force,False,2
627,hustle,True,3
628,keen-eye,False,1
628,sheer-force,False,2
628,defiant,True,3
629,big-pecks,False,1
629,overcoat,False,2
629,weak-armor,True,3
630,big-pecks,False,1
630,overcoat,False,2
630,weak-armor,True,3
631,gluttony,False,1
631,flash-fire,False,2
631,white-smoke,True,3
632,swarm,False,1
632,hustle,False,2
632,truant,True,3
633,hustle,False,1
634,hustle,False,1
635,levitate,False,1
636,flame-body,False,1
636,swarm,True,3
637,flame-body,False,1
637,swarm,True,3
638,justified,False,1
639,justified,False,1
640,justified,False,1
641,prankster,False,1
641,defiant,True,3
642,prankster,False,1
642,defiant,True,3
643,turboblaze,False,1
644,teravolt,False,1
645,sand-force,False,1
645,sheer-force,True,3
646,pressure,False,1
647,justified,False,1
648,serene-grace,False,1
649,download,False,1
650,overgrow,False,1
650,bulletproof,True,3
651,overgrow,False,1
651,bulletproof,True,3
652,overgrow,False,1
652,bulletproof,True,3
653,blaze,False,1
653,magician,True,3
654,blaze,False,1
654,magician,True,3
655,blaze,False,1
655,magician,True,3
656,torrent,False,1
656,protean,True,3
657,torrent,False,1
657,protean,True,3
658,torrent,False,1
658,protean,True,3
659,pickup,False,1
659,cheek-pouch,False,2
659,huge-power,True,3
660,pickup,False,1
660,cheek-pouch,False,2
660,huge-power,True,3
661,big-pecks,False,1
661,gale-wings,True,3
662,flame-body,False,1
662,gale-wings,True,3
663,flame-body,False,1
663,gale-wings,True,3
664,shield-dust,False,1
664,compound-eyes,False,2
664,friend-guard,True,3
665,shed-skin,False,1
665,friend-guard,True,3
666,shield-dust,False,1
666,compound-eyes,False,2
666,friend-guard,True,3
667,rivalry,False,1
667,unnerve,False,2
667,moxie,True,3
668,rivalry,False,1
668,unnerve,False,2
668,moxie,True,3
669,flower-veil,False,1
669,symbiosis,True,3
670,flower-veil,False,1
670,symbiosis,True,3
671,flower-veil,False,1
671,symbiosis,True,3
672,sap-sipper,False,1
672,grass-pelt,True,3
673,sap-sipper,False,1
673,grass-pelt,True,3
674,iron-fist,False,1
674,mold-breaker,False,2
674,scrappy,True,3
675,iron-fist,False,1
675,mold-breaker,False,2
675,scrappy,True,3
676,fur-coat,False,1
677,keen-eye,False,1
677,infiltrator,False,2
677,own-tempo,True,3
678,keen-eye,False,1
678,infiltrator,False,2
678,prankster,True,3
679,no-guard,False,1
680,no-guard,False,1
681,stance-change,False,1
682,healer,False,1
682,aroma-veil,True,3
683,healer,False,1
683,aroma-veil,True,3
684,sweet-veil,False,1
684,unburden,True,3
685,sweet-veil,False,1
685,unburden,True,3
686,contrary,False,1
686,suction-cups,False,2
686,infiltrator,True,3
687,contrary,False,1
687,suction-cups,False,2
687,infiltrator,True,3
688,tough-claws,False,1
688,sniper,False,2
688,pickpocket,True,3
689,tough-claws,False,1
689,sniper,False,2
689,pickpocket,True,3
690,poison-point,False,1
690,poison-touch,False,2
690,adaptability,True,3
691,poison-point,False,1
691,poison-touch,False,2
691,adaptability,True,3
692,mega-launcher,False,1
693,mega-launcher,False,1
694,dry-skin,False,1
694,sand-veil,False,2
694,solar-power,True,3
695,dry-skin,False,1
695,sand-veil,False,2
695,solar-power,True,3
696,strong-jaw,False,1
696,sturdy,True,3
697,strong-jaw,False,1
697,rock-head,True,3
698,refrigerate,False,1
698,snow-warning,True,3
699,refrigerate,False,1
699,snow-warning,True,3
700,cute-charm,False,1
700,pixilate,True,3
701,limber,False,1
701,unburden,False,2
701,mold-breaker,True,3
702,cheek-pouch,False,1
702,pickup,False,2
702,plus,True,3
703,clear-body,False,1
703,sturdy,True,3
704,sap-sipper,False,1
704,hydration,False,2
704,gooey,True,3
705,sap-sipper,False,1
705,hydration,False,2
705,gooey,True,3
706,sap-sipper,False,1
706,hydration,False,2
706,gooey,True,3
707,prankster,False,1
707,magician,True,3
708,natural-cure,False,1
708,frisk,False,2
708,harvest,True,3
709,natural-cure,False,1
709,frisk,False,2
709,harvest,True,3
710,pickup,False,1
710,frisk,False,2
710,insomnia,True,3
711,pickup,False,1
711,frisk,False,2
711,insomnia,True,3
712,own-tempo,False,1
712,ice-body,False,2
712,sturdy,True,3
713,own-tempo,False,1
713,ice-body,False,2
713,sturdy,True,3
714,frisk,False,1
714,infiltrator,False,2
714,telepathy,True,3
715,frisk,False,1
715,infiltrator,False,2
715,telepathy,True,3
716,fairy-aura,False,1
717,dark-aura,False,1
718,aura-break,False,1
719,clear-body,False,1
720,magician,False,1
721,water-absorb,False,1
722,overgrow,False,1
722,long-reach,True,3
723,overgrow,False,1
723,long-reach,True,3
724,overgrow,False,1
724,long-reach,True,3
725,blaze,False,1
725,intimidate,True,3
726,blaze,False,1
726,intimidate,True,3
727,blaze,False,1
727,intimidate,True,3
728,torrent,False,1
728,liquid-voice,True,3
729,torrent,False,1
729,liquid-voice,True,3
730,torrent,False,1
730,liquid-voice,True,3
731,keen-eye,False,1
731,skill-link,False,2
731,pickup,True,3
732,keen-eye,False,1
732,skill-link,False,2
732,pickup,True,3
733,keen-eye,False,1
733,skill-link,False,2
733,sheer-force,True,3
734,stakeout,False,1
734,strong-jaw,False,2
734,adaptability,True,3
735,stakeout,False,1
735,strong-jaw,False,2
735,adaptability,True,3
736,swarm,False,1
737,battery,False,1
738,levitate,False,1
739,hyper-cutter,False,1
739,iron-fist,False,2
739,anger-point,True,3
740,hyper-cutter,False,1
740,iron-fist,False,2
740,anger-point,True,3
741,dancer,False,1
742,honey-gather,False,1
742,shield-dust,False,2
742,sweet-veil,True,3
743,honey-gather,False,1
743,shield-dust,False,2
743,sweet-veil,True,3
744,keen-eye,False,1
744,vital-spirit,False,2
744,steadfast,True,3
745,keen-eye,False,1
745,sand-rush,False,2
745,steadfast,True,3
746,schooling,False,1
747,merciless,False,1
747,limber,False,2
747,regenerator,True,3
748,merciless,False,1
748,limber,False,2
748,regenerator,True,3
749,own-tempo,False,1
749,stamina,False,2
749,inner-focus,True,3
750,own-tempo,False,1
750,stamina,False,2
750,inner-focus,True,3
751,water-bubble,False,1
751,water-absorb,True,3
752,water-bubble,False,1
752,water-absorb,True,3
753,leaf-guard,False,1
753,contrary,True,3
754,leaf-guard,False,1
754,contrary,True,3
755,illuminate,False,1
755,effect-spore,False,2
755,rain-dish,True,3
756,illuminate,False,1
756,effect-spore,False,2
756,rain-dish,True,3
757,corrosion,False,1
757,oblivious,True,3
758,corrosion,False,1
758,oblivious,True,3
759,fluffy,False,1
759,klutz,False,2
759,cute-charm,True,3
760,fluffy,False,1
760,klutz,False,2
760,unnerve,True,3
761,leaf-guard,False,1
761,oblivious,False,2
761,sweet-veil,True,3
762,leaf-guard,False,1
762,oblivious,False,2
762,sweet-veil,True,3
763,leaf-guard,False,1
763,queenly-majesty,False,2
763,sweet-veil,True,3
764,flower-veil,False,1
764,triage,False,2
764,natural-cure,True,3
765,inner-focus,False,1
765,telepathy,False,2
765,symbiosis,True,3
766,receiver,False,1
766,defiant,True,3
767,wimp-out,False,1
768,emergency-exit,False,1
769,water-compaction,False,1
769,sand-veil,True,3
770,water-compaction,False,1
770,sand-veil,True,3
771,innards-out,False,1
771,unaware,True,3
772,battle-armor,False,1
773,rks-system,False,1
774,shields-down,False,1
775,comatose,False,1
776,shell-armor,False,1
777,iron-barbs,False,1
777,lightning-rod,False,2
777,sturdy,True,3
778,disguise,False,1
779,dazzling,False,1
779,strong-jaw,False,2
779,wonder-skin,True,3
780,berserk,False,1
780,sap-sipper,False,2
780,cloud-nine,True,3
781,steelworker,False,1
782,bulletproof,False,1
782,soundproof,False,2
782,overcoat,True,3
783,bulletproof,False,1
783,soundproof,False,2
783,overcoat,True,3
784,bulletproof,False,1
784,soundproof,False,2
784,overcoat,True,3
785,electric-surge,False,1
785,telepathy,True,3
786,psychic-surge,False,1
786,telepathy,True,3
787,grassy-surge,False,1
787,telepathy,True,3
788,misty-surge,False,1
788,telepathy,True,3
789,unaware,False,1
790,sturdy,False,1
791,full-metal-body,False,1
792,shadow-shield,False,1
793,beast-boost,False,1
794,beast-boost,False,1
795,beast-boost,False,1
796,beast-boost,False,1
797,beast-boost,False,1
798,beast-boost,False,1
799,beast-boost,False,1
800,prism-armor,False,1
801,soul-heart,False,1
802,technician,False,1
803,beast-boost,False,1
804,beast-boost,False,1
805,beast-boost,False,1
806,beast-boost,False,1
807,volt-absorb,False,1
808,magnet-pull,False,1
809,iron-fist,False,1
810,overgrow,False,1
810,grassy-surge,True,3
811,overgrow,False,1
811,grassy-surge,True,3
812,overgrow,False,1
812,grassy-surge,True,3
813,blaze,False,1
813,libero,True,3
814,blaze,False,1
814,libero,True,3
815,blaze,False,1
815,libero,True,3
816,torrent,False,1
816,sniper,True,3
817,torrent,False,1
817,sniper,True,3
818,torrent,False,1
818,sniper,True,3
819,cheek-pouch,False,1
819,gluttony,True,3
820,cheek-pouch,False,1
820,gluttony,True,3
821,keen-eye,False,1
821,unnerve,False,2
821,big-pecks,True,3
822,keen-eye,False,1
822,unnerve,False,2
822,big-pecks,True,3
823,pressure,False,1
823,unnerve,False,2
823,mirror-armor,True,3
824,swarm,False,1
824,compound-eyes,False,2
824,telepathy,True,3
825,swarm,False,1
825,compound-eyes,False,2
825,telepathy,True,3
826,swarm,False,1
826,frisk,False,2
826,telepathy,True,3
827,run-away,False,1
827,unburden,False,2
827,stakeout,True,3
828,run-away,False,1
828,unburden,False,2
828,stakeout,True,3
829,cotton-down,False,1
829,regenerator,False,2
829,effect-spore,True,3
830,cotton-down,False,1
830,regenerator,False,2
830,effect-spore,True,3
831,fluffy,False,1
831,run-away,False,2
831,bulletproof,True,3
832,fluffy,False,1
832,steadfast,False,2
832,bulletproof,True,3
833,strong-jaw,False,1
833,shell-armor,False,2
833,swift-swim,True,3
834,strong-jaw,False,1
834,shell-armor,False,2
834,swift-swim,True,3
835,ball-fetch,False,1
835,rattled,True,3
836,strong-jaw,False,1
836,competitive,True,3
837,steam-engine,False,1
837,heatproof,False,2
837,flash-fire,True,3
838,steam-engine,False,1
838,flame-body,False,2
838,flash-fire,True,3
839,steam-engine,False,1
839,flame-body,False,2
839,flash-fire,True,3
840,ripen,False,1
840,gluttony,False,2
840,bulletproof,True,3
841,ripen,False,1
841,gluttony,False,2
841,hustle,True,3
842,ripen,False,1
842,gluttony,False,2
842,thick-fat,True,3
843,sand-spit,False,1
843,shed-skin,False,2
843,sand-veil,True,3
844,sand-spit,False,1
844,shed-skin,False,2
844,sand-veil,True,3
845,gulp-missile,False,1
846,swift-swim,False,1
846,propeller-tail,True,3
847,swift-swim,False,1
847,propeller-tail,True,3
848,rattled,False,1
848,static,False,2
848,klutz,True,3
849,punk-rock,False,1
849,plus,False,2
849,technician,True,3
850,flash-fire,False,1
850,white-smoke,False,2
850,flame-body,True,3
851,flash-fire,False,1
851,white-smoke,False,2
851,flame-body,True,3
852,limber,False,1
852,technician,True,3
853,limber,False,1
853,technician,True,3
854,weak-armor,False,1
854,cursed-body,True,3
855,weak-armor,False,1
855,cursed-body,True,3
856,healer,False,1
856,anticipation,False,2
856,magic-bounce,True,3
857,healer,False,1
857,anticipation,False,2
857,magic-bounce,True,3
858,healer,False,1
858,anticipation,False,2
858,magic-bounce,True,3
859,prankster,False,1
859,frisk,False,2
859,pickpocket,True,3
860,prankster,False,1
860,frisk,False,2
860,pickpocket,True,3
861,prankster,False,1
861,frisk,False,2
861,pickpocket,True,3
862,reckless,False,1
862,guts,False,2
862,defiant,True,3
863,battle-armor,False,1
863,tough-claws,False,2
863,steely-spirit,True,3
864,weak-armor,False,1
864,perish-body,True,3
865,steadfast,False,1
865,scrappy,True,3
866,tangled-feet,False,1
866,screen-cleaner,False,2
866,ice-body,True,3
867,wandering-spirit,False,1
868,sweet-veil,False,1
868,aroma-veil,True,3
869,sweet-veil,False,1
869,aroma-veil,True,3
870,battle-armor,False,1
870,defiant,True,3
871,lightning-rod,False,1
871,electric-surge,True,3
872,shield-dust,False,1
872,ice-scales,True,3
873,shield-dust,False,1
873,ice-scales,True,3
874,power-spot,False,1
875,ice-face,False,1
876,inner-focus,False,1
876,synchronize,False,2
876,psychic-surge,True,3
877,hunger-switch,False,1
878,sheer-force,False,1
878,heavy-metal,True,3
879,sheer-force,False,1
879,heavy-metal,True,3
880,volt-absorb,False,1
880,hustle,False,2
880,sand-rush,True,3
881,volt-absorb,False,1
881,static,False,2
881,slush-rush,True,3
882,water-absorb,False,1
882,strong-jaw,False,2
882,sand-rush,True,3
883,water-absorb,False,1
883,ice-body,False,2
883,slush-rush,True,3
884,light-metal,False,1
884,heavy-metal,False,2
884,stalwart,True,3
885,clear-body,False,1
885,infiltrator,False,2
885,cursed-body,True,3
886,clear-body,False,1
886,infiltrator,False,2
886,cursed-body,True,3
887,clear-body,False,1
887,infiltrator,False,2
887,cursed-body,True,3
888,intrepid-sword,False,1
889,dauntless-shield,False,1
890,pressure,False,1
891,inner-focus,False,1
892,unseen-fist,False,1
893,leaf-guard,False,1
894,transistor,False,1
895,dragons-maw,False,1
896,chilling-neigh,False,1
897,grim-neigh,False,1
898,unnerve,False,1
899,intimidate,False,1
899,frisk,False,2
899,sap-sipper,True,3
900,swarm,False,1
900,sheer-force,False,2
900,sharpness,True,3
901,guts,False,1
901,bulletproof,False,2
901,unnerve,True,3
902,swift-swim,False,1
902,adaptability,False,2
902,mold-breaker,True,3
903,pressure,False,1
903,unburden,False,2
903,poison-touch,True,3
904,poison-point,False,1
904,swift-swim,False,2
904,intimidate,True,3
905,cute-charm,False,1
905,contrary,True,3
906,overgrow,False,1
906,protean,True,3
907,overgrow,False,1
907,protean,True,3
908,overgrow,False,1
908,protean,True,3
909,blaze,False,1
909,unaware,True,3
910,blaze,False,1
910,unaware,True,3
911,blaze,False,1
911,unaware,True,3
912,torrent,False,1
912,moxie,True,3
913,torrent,False,1
913,moxie,True,3
914,torrent,False,1
914,moxie,True,3
915,aroma-veil,False,1
915,gluttony,False,2
915,thick-fat,True,3
916,lingering-aroma,False,1
916,gluttony,False,2
916,thick-fat,True,3
917,insomnia,False,1
917,stakeout,True,3
918,insomnia,False,1
918,stakeout,True,3
919,swarm,False,1
919,tinted-lens,True,3
920,swarm,False,1
920,tinted-lens,True,3
921,static,False,1
921,natural-cure,False,2
921,iron-fist,True,3
922,volt-absorb,False,1
922,natural-cure,False,2
922,iron-fist,True,3
923,volt-absorb,False,1
923,natural-cure,False,2
923,iron-fist,True,3
924,run-away,False,1
924,pickup,False,2
924,own-tempo,True,3
925,friend-guard,False,1
925,cheek-pouch,False,2
925,technician,True,3
926,own-tempo,False,1
926,klutz,True,3
927,well-baked-body,False,1
927,aroma-veil,True,3
928,early-bird,False,1
928,harvest,True,3
929,early-bird,False,1
929,harvest,True,3
930,seed-sower,False,1
930,harvest,True,3
931,intimidate,False,1
931,hustle,False,2
931,guts,True,3
932,purifying-salt,False,1
932,sturdy,False,2
932,clear-body,True,3
933,purifying-salt,False,1
933,sturdy,False,2
933,clear-body,True,3
934,purifying-salt,False,1
934,sturdy,False,2
934,clear-body,True,3
935,flash-fire,False,1
935,flame-body,True,3
936,flash-fire,False,1
936,weak-armor,True,3
937,flash-fire,False,1
937,weak-armor,True,3
938,own-tempo,False,1
938,static,False,2
938,damp,True,3
939,electromorphosis,False,1
939,static,False,2
939,damp,True,3
940,wind-power,False,1
940,volt-absorb,False,2
940,competitive,True,3
941,wind-power,False,1
941,volt-absorb,False,2
941,competitive,True,3
942,intimidate,False,1
942,run-away,False,2
942,stakeout,True,3
943,intimidate,False,1
943,guard-dog,False,2
943,stakeout,True,3
944,unburden,False,1
944,pickpocket,False,2
944,prankster,True,3
945,unburden,False,1
945,poison-touch,False,2
945,prankster,True,3
946,wind-rider,False,1
946,infiltrator,True,3
947,wind-rider,False,1
947,infiltrator,True,3
948,mycelium-might,False,1
948,mycelium-might,True,3
949,mycelium-might,False,1
949,mycelium-might,True,3
950,anger-shell,False,1
950,shell-armor,False,2
950,regenerator,True,3
951,chlorophyll,False,1
951,insomnia,False,2
951,klutz,True,3
952,chlorophyll,False,1
952,insomnia,False,2
952,moody,True,3
953,compound-eyes,False,1
953,shed-skin,True,3
954,synchronize,False,1
954,telepathy,True,3
955,anticipation,False,1
955,frisk,False,2
955,speed-boost,True,3
956,opportunist,False,1
956,frisk,False,2
956,speed-boost,True,3
957,mold-breaker,False,1
957,own-tempo,False,2
957,pickpocket,True,3
958,mold-breaker,False,1
958,own-tempo,False,2
958,pickpocket,True,3
959,mold-breaker,False,1
959,own-tempo,False,2
959,pickpocket,True,3
960,gooey,False,1
960,rattled,False,2
960,sand-veil,True,3
961,gooey,False,1
961,rattled,False,2
961,sand-veil,True,3
962,big-pecks,False,1
962,keen-eye,False,2
962,rocky-payload,True,3
963,water-veil,False,1
963,water-veil,True,3
964,zero-to-hero,False,1
964,zero-to-hero,True,3
965,overcoat,False,1
965,slow-start,True,3
966,overcoat,False,1
966,filter,True,3
967,shed-skin,False,1
967,regenerator,True,3
968,earth-eater,False,1
968,sand-veil,True,3
969,toxic-debris,False,1
969,corrosion,True,3
970,toxic-debris,False,1
970,corrosion,True,3
971,pickup,False,1
971,fluffy,True,3
972,sand-rush,False,1
972,fluffy,True,3
973,scrappy,False,1
973,tangled-feet,False,2
973,costar,True,3
974,thick-fat,False,1
974,snow-cloak,False,2
974,sheer-force,True,3
975,thick-fat,False,1
975,slush-rush,False,2
975,sheer-force,True,3
976,mold-breaker,False,1
976,sharpness,True,3
977,unaware,False,1
977,oblivious,False,2
977,water-veil,True,3
978,commander,False,1
978,storm-drain,True,3
979,vital-spirit,False,1
979,inner-focus,False,2
979,defiant,True,3
980,poison-point,False,1
980,water-absorb,False,2
980,unaware,True,3
981,cud-chew,False,1
981,armor-tail,False,2
981,sap-sipper,True,3
982,serene-grace,False,1
982,run-away,False,2
982,rattled,True,3
983,defiant,False,1
983,supreme-overlord,False,2
983,pressure,True,3
984,protosynthesis,False,1
984,protosynthesis,True,3
985,protosynthesis,False,1
985,protosynthesis,True,3
986,protosynthesis,False,1
986,protosynthesis,True,3
987,protosynthesis,False,1
987,protosynthesis,True,3
988,protosynthesis,False,1
988,protosynthesis,True,3
989,protosynthesis,False,1
989,protosynthesis,True,3
990,quark-drive,False,1
990,quark-drive,True,3
991,quark-drive,False,1
991,quark-drive,True,3
992,quark-drive,False,1
992,quark-drive,True,3
993,quark-drive,False,1
993,quark-drive,True,3
994,quark-drive,False,1
994,quark-drive,True,3
995,quark-drive,False,1
995,quark-drive,True,3
996,thermal-exchange,False,1
996,ice-body,True,3
997,thermal-exchange,False,1
997,ice-body,True,3
998,thermal-exchange,False,1
998,ice-body,True,3
999,rattled,False,1
999,rattled,True,3
1000,good-as-gold,False,1
1000,good-as-gold,True,3
1001,tablets-of-ruin,False,1
1001,tablets-of-ruin,True,3
1002,sword-of-ruin,False,1
1002,sword-of-ruin,True,3
1003,vessel-of-ruin,False,1
1003,vessel-of-ruin,True,3
1004,beads-of-ruin,False,1
1004,beads-of-ruin,True,3
1005,protosynthesis,False,1
1005,protosynthesis,True,3
1006,quark-drive,False,1
1006,quark-drive,True,3
1007,orichalcum-pulse,False,1
1007,orichalcum-pulse,True,3
1008,hadron-engine,False,1
1008,hadron-engine,True,3
1009,protosynthesis,False,1
1009,protosynthesis,True,3
1010,quark-drive,False,1
1010,quark-drive,True,3
1011,supersweet-syrup,False,1
1011,gluttony,False,2
1011,sticky-hold,True,3
1012,hospitality,False,1
1012,heatproof,True,3
1013,hospitality,False,1
1013,heatproof,True,3
1014,toxic-chain,False,1
1014,guard-dog,True,3
1015,toxic-chain,False,1
1015,frisk,True,3
1016,toxic-chain,False,1
1016,technician,True,3
1017,defiant,False,1
1018,stamina,False,1
1018,sturdy,False,2
1018,stalwart,True,3
1019,supersweet-syrup,False,1
1019,regenerator,False,2
1019,sticky-hold,True,3
1020,protosynthesis,False,1
1021,protosynthesis,False,1
1022,quark-drive,False,1
1023,quark-drive,False,1
1024,tera-shift,False,1
1025,poison-puppeteer,False,1
10001,pressure,False,1
10002,pressure,False,1
10003,pressure,False,1
10004,anticipation,False,1
10004,overcoat,True,3
10005,anticipation,False,1
10005,overcoat,True,3
10006,serene-grace,False,1
10007,levitate,False,1
10008,levitate,False,1
10009,levitate,False,1
10010,levitate,False,1
10011,levitate,False,1
10012,levitate,False,1
10013,forecast,False,1
10014,forecast,False,1
10015,forecast,False,1
10016,rock-head,False,1
10016,adaptability,False,2
10016,mold-breaker,True,3
10017,sheer-force,False,1
10017,zen-mode,True,3
10018,serene-grace,False,1
10019,regenerator,False,1
10020,volt-absorb,False,1
10021,intimidate,False,1
10022,teravolt,False,1
10023,turboblaze,False,1
10024,justified,False,1
10025,keen-eye,False,1
10025,infiltrator,False,2
10025,competitive,True,3
10026,stance-change,False,1
10027,pickup,False,1
10027,frisk,False,2
10027,insomnia,True,3
10028,pickup,False,1
10028,frisk,False,2
10028,insomnia,True,3
10029,pickup,False,1
10029,frisk,False,2
10029,insomnia,True,3
10030,pickup,False,1
10030,frisk,False,2
10030,insomnia,True,3
10031,pickup,False,1
10031,frisk,False,2
10031,insomnia,True,3
10032,pickup,False,1
10032,frisk,False,2
10032,insomnia,True,3
10033,thick-fat,False,1
10034,tough-claws,False,1
10035,drought,False,1
10036,mega-launcher,False,1
10037,trace,False,1
10038,shadow-tag,False,1
10039,parental-bond,False,1
10040,aerilate,False,1
10041,mold-breaker,False,1
10042,tough-claws,False,1
10043,steadfast,False,1
10044,insomnia,False,1
10045,mold-breaker,False,1
10046,technician,False,1
10047,skill-link,False,1
10048,solar-power,False,1
10049,sand-stream,False,1
10050,speed-boost,False,1
10051,pixilate,False,1
10052,huge-power,False,1
10053,filter,False,1
10054,pure-power,False,1
10055,intimidate,False,1
10056,prankster,False,1
10057,magic-bounce,False,1
10058,sand-force,False,1
10059,adaptability,False,1
10060,snow-warning,False,1
10061,flower-veil,False,1
10061,symbiosis,True,3
10062,levitate,False,1
10063,levitate,False,1
10064,swift-swim,False,1
10065,lightning-rod,False,1
10066,magic-bounce,False,1
10067,pixilate,False,1
10068,inner-focus,False,1
10069,healer,False,1
10070,strong-jaw,False,1
10071,shell-armor,False,1
10072,sand-force,False,1
10073,no-guard,False,1
10074,refrigerate,False,1
10075,magic-bounce,False,1
10076,tough-claws,False,1
10077,primordial-sea,False,1
10078,desolate-land,False,1
10079,delta-stream,False,1
10080,static,False,1
10080,lightning-rod,True,3
10081,static,False,1
10081,lightning-rod,True,3
10082,static,False,1
10082,lightning-rod,True,3
10083,static,False,1
10083,lightning-rod,True,3
10084,static,False,1
10084,lightning-rod,True,3
10085,static,False,1
10085,lightning-rod,True,3
10086,magician,False,1
10087,sheer-force,False,1
10088,scrappy,False,1
10089,aerilate,False,1
10090,adaptability,False,1
10091,gluttony,False,1
10091,hustle,False,2
10091,thick-fat,True,3
10092,gluttony,False,1
10092,hustle,False,2
10092,thick-fat,True,3
10093,gluttony,False,1
10093,hustle,False,2
10093,thick-fat,True,3
10094,static,False,1
10094,lightning-rod,True,3
10095,static,False,1
10095,lightning-rod,True,3
10096,static,False,1
10096,lightning-rod,True,3
10097,static,False,1
10097,lightning-rod,True,3
10098,static,False,1
10098,lightning-rod,True,3
10099,static,False,1
10099,lightning-rod,True,3
10100,surge-surfer,False,1
10101,snow-cloak,False,1
10101,slush-rush,True,3
10102,snow-cloak,False,1
10102,slush-rush,True,3
10103,snow-cloak,False,1
10103,snow-warning,True,3
10104,snow-cloak,False,1
10104,snow-warning,True,3
10105,sand-veil,False,1
10105,tangling-hair,False,2
10105,sand-force,True,3
10106,sand-veil,False,1
10106,tangling-hair,False,2
10106,sand-force,True,3
10107,pickup,False,1
10107,technician,False,2
10107,rattled,True,3
10108,fur-coat,False,1
10108,technician,False,2
10108,rattled,True,3
10109,magnet-pull,False,1
10109,sturdy,False,2
10109,galvanize,True,3
10110,magnet-pull,False,1
10110,sturdy,False,2
10110,galvanize,True,3
10111,magnet-pull,False,1
10111,sturdy,False,2
10111,galvanize,True,3
10112,poison-touch,False,1
10112,gluttony,False,2
10112,power-of-alchemy,True,3
10113,poison-touch,False,1
10113,gluttony,False,2
10113,power-of-alchemy,True,3
10114,frisk,False,1
10114,harvest,True,3
10115,cursed-body,False,1
10115,lightning-rod,False,2
10115,rock-head,True,3
10116,battle-bond,False,1
10117,battle-bond,False,1
10118,power-construct,False,1
10119,power-construct,False,1
10120,power-construct,False,1
10121,stakeout,False,1
10121,strong-jaw,False,2
10121,adaptability,True,3
10122,levitate,False,1
10123,dancer,False,1
10124,dancer,False,1
10125,dancer,False,1
10126,keen-eye,False,1
10126,vital-spirit,False,2
10126,no-guard,True,3
10127,schooling,False,1
10128,leaf-guard,False,1
10128,contrary,True,3
10129,corrosion,False,1
10129,oblivious,True,3
10130,shields-down,False,1
10131,shields-down,False,1
10132,shields-down,False,1
10133,shields-down,False,1
10134,shields-down,False,1
10135,shields-down,False,1
10136,shields-down,False,1
10137,shields-down,False,1
10138,shields-down,False,1
10139,shields-down,False,1
10140,shields-down,False,1
10141,shields-down,False,1
10142,shields-down,False,1
10143,disguise,False,1
10144,disguise,False,1
10145,disguise,False,1
10146,bulletproof,False,1
10146,soundproof,False,2
10146,overcoat,True,3
10147,soul-heart,False,1
10148,static,False,1
10148,lightning-rod,True,3
10149,cursed-body,False,1
10149,lightning-rod,False,2
10149,rock-head,True,3
10150,honey-gather,False,1
10150,shield-dust,False,2
10150,sweet-veil,True,3
10151,own-tempo,False,1
10152,tough-claws,False,1
10153,water-bubble,False,1
10153,water-absorb,True,3
10154,iron-barbs,False,1
10154,lightning-rod,False,2
10154,sturdy,True,3
10155,prism-armor,False,1
10156,prism-armor,False,1
10157,neuroforce,False,1
10158,static,False,1
10158,lightning-rod,True,3
10159,run-away,False,1
10159,adaptability,False,2
10159,anticipation,True,3
10160,static,False,1
10160,lightning-rod,True,3
10161,pickup,False,1
10161,tough-claws,False,2
10161,unnerve,True,3
10162,run-away,False,1
10162,pastel-veil,False,2
10162,anticipation,True,3
10163,run-away,False,1
10163,pastel-veil,False,2
10163,anticipation,True,3
10164,gluttony,False,1
10164,own-tempo,False,2
10164,regenerator,True,3
10165,quick-draw,False,1
10165,own-tempo,False,2
10165,regenerator,True,3
10166,steadfast,False,1
10166,scrappy,True,3
10167,levitate,False,1
10167,neutralizing-gas,False,2
10167,misty-surge,True,3
10168,vital-spirit,False,1
10168,screen-cleaner,False,2
10168,ice-body,True,3
10169,competitive,False,1
10170,defiant,False,1
10171,berserk,False,1
10172,curious-medicine,False,1
10172,own-tempo,False,2
10172,regenerator,True,3
10173,weak-armor,False,1
10173,cursed-body,True,3
10174,pickup,False,1
10174,gluttony,False,2
10174,quick-feet,True,3
10175,pickup,False,1
10175,gluttony,False,2
10175,quick-feet,True,3
10176,hustle,False,1
10176,inner-focus,True,3
10177,gorilla-tactics,False,1
10177,zen-mode,True,3
10178,gorilla-tactics,False,1
10178,zen-mode,True,3
10179,wandering-spirit,False,1
10180,mimicry,False,1
10181,aura-break,False,1
10182,gulp-missile,False,1
10183,gulp-missile,False,1
10184,punk-rock,False,1
10184,minus,False,2
10184,technician,True,3
10185,ice-face,False,1
10186,own-tempo,False,1
10186,synchronize,False,2
10186,psychic-surge,True,3
10187,hunger-switch,False,1
10188,intrepid-sword,False,1
10189,dauntless-shield,False,1
10190,pressure,False,1
10191,unseen-fist,False,1
10192,leaf-guard,False,1
10193,as-one-glastrier,False,1
10194,as-one-spectrier,False,1
10195,overgrow,False,1
10195,chlorophyll,True,3
10196,blaze,False,1
10196,solar-power,True,3
10197,torrent,False,1
10197,rain-dish,True,3
10198,compound-eyes,False,1
10198,tinted-lens,True,3
10199,static,False,1
10199,lightning-rod,True,3
10200,pickup,False,1
10200,technician,False,2
10200,unnerve,True,3
10201,guts,False,1
10201,no-guard,False,2
10201,steadfast,True,3
10202,cursed-body,False,1
10203,hyper-cutter,False,1
10203,shell-armor,False,2
10203,sheer-force,True,3
10204,water-absorb,False,1
10204,shell-armor,False,2
10204,hydration,True,3
10205,run-away,False,1
10205,adaptability,False,2
10205,anticipation,True,3
10206,immunity,False,1
10206,thick-fat,False,2
10206,gluttony,True,3
10207,stench,False,1
10207,weak-armor,False,2
10207,aftermath,True,3
10208,iron-fist,False,1
10209,overgrow,False,1
10209,grassy-surge,True,3
10210,blaze,False,1
10210,libero,True,3
10211,torrent,False,1
10211,sniper,True,3
10212,pressure,False,1
10212,unnerve,False,2
10212,mirror-armor,True,3
10213,swarm,False,1
10213,frisk,False,2
10213,telepathy,True,3
10214,strong-jaw,False,1
10214,shell-armor,False,2
10214,swift-swim,True,3
10215,steam-engine,False,1
10215,flame-body,False,2
10215,flash-fire,True,3
10216,ripen,False,1
10216,gluttony,False,2
10216,hustle,True,3
10217,ripen,False,1
10217,gluttony,False,2
10217,thick-fat,True,3
10218,sand-spit,False,1
10218,shed-skin,False,2
10218,sand-veil,True,3
10219,punk-rock,False,1
10219,plus,False,2
10219,technician,True,3
10220,flash-fire,False,1
10220,white-smoke,False,2
10220,flame-body,True,3
10221,healer,False,1
10221,anticipation,False,2
10221,magic-bounce,True,3
10222,prankster,False,1
10222,frisk,False,2
10222,pickpocket,True,3
10223,sweet-veil,False,1
10223,aroma-veil,True,3
10224,sheer-force,False,1
10224,heavy-metal,True,3
10225,light-metal,False,1
10225,heavy-metal,False,2
10225,stalwart,True,3
10226,unseen-fist,False,1
10227,unseen-fist,False,1
10228,punk-rock,False,1
10228,minus,False,2
10228,technician,True,3
10229,intimidate,False,1
10229,flash-fire,False,2
10229,rock-head,True,3
10230,intimidate,False,1
10230,flash-fire,False,2
10230,rock-head,True,3
10231,soundproof,False,1
10231,static,False,2
10231,aftermath,True,3
10232,soundproof,False,1
10232,static,False,2
10232,aftermath,True,3
10233,blaze,False,1
10233,frisk,True,3
10234,poison-point,False,1
10234,swift-swim,False,2
10234,intimidate,True,3
10235,inner-focus,False,1
10235,keen-eye,False,2
10235,pickpocket,True,3
10236,torrent,False,1
10236,sharpness,True,3
10237,chlorophyll,False,1
10237,hustle,False,2
10237,leaf-guard,True,3
10238,illusion,False,1
10239,illusion,False,1
10240,keen-eye,False,1
10240,sheer-force,False,2
10240,tinted-lens,True,3
10241,sap-sipper,False,1
10241,shell-armor,False,2
10241,gooey,True,3
10242,sap-sipper,False,1
10242,shell-armor,False,2
10242,gooey,True,3
10243,strong-jaw,False,1
10243,ice-body,False,2
10243,sturdy,True,3
10244,overgrow,False,1
10244,scrappy,True,3
10245,pressure,False,1
10245,telepathy,True,3
10246,pressure,False,1
10246,telepathy,True,3
10247,rattled,False,1
10247,adaptability,False,2
10247,mold-breaker,True,3
10248,swift-swim,False,1
10248,adaptability,False,2
10248,mold-breaker,True,3
10249,overcoat,False,1
10250,intimidate,False,1
10250,anger-point,False,2
10250,cud-chew,True,3
10251,intimidate,False,1
10251,anger-point,False,2
10251,cud-chew,True,3
10252,intimidate,False,1
10252,anger-point,False,2
10252,cud-chew,True,3
10253,poison-point,False,1
10253,water-absorb,False,2
10253,unaware,True,3
10254,aroma-veil,False,1
10254,gluttony,False,2
10254,thick-fat,True,3
10255,serene-grace,False,1
10255,run-away,False,2
10255,rattled,True,3
10256,zero-to-hero,False,1
10256,zero-to-hero,True,3
10257,friend-guard,False,1
10257,cheek-pouch,False,2
10257,technician,True,3
10258,commander,False,1
10258,storm-drain,True,3
10259,commander,False,1
10259,storm-drain,True,3
10260,intimidate,False,1
10260,hustle,False,2
10260,guts,True,3
10261,intimidate,False,1
10261,hustle,False,2
10261,sheer-force,True,3
10262,intimidate,False,1
10262,hustle,False,2
10262,sheer-force,True,3
10263,run-away,False,1
10263,run-away,True,3
10264,orichalcum-pulse,False,1
10264,orichalcum-pulse,True,3
10265,orichalcum-pulse,False,1
10265,orichalcum-pulse,True,3
10266,orichalcum-pulse,False,1
10266,orichalcum-pulse,True,3
10267,orichalcum-pulse,False,1
10267,orichalcum-pulse,True,3
10268,hadron-engine,False,1
10268,hadron-engine,True,3
10269,hadron-engine,False,1
10269,hadron-engine,True,3
10270,hadron-engine,False,1
10270,hadron-engine,True,3
10271,hadron-engine,False,1
10271,hadron-engine,True,3
10272,minds-eye,False,1
10273,water-absorb,False,1
10274,mold-breaker,False,1
10275,sturdy,False,1
10276,tera-shell,False,1
10277,teraform-zero,False,1
